10,0,0,0,0,0,0,0,1,0,2,0,0,0,0,0,0,0,1,0,0,1,0,0,0,0,0,0,0,0,0,3,0,5,4,0,0,0,0,0,0,1,0,2,0,0,0,0,0,2,0,0,1,2,0,2,0,0,4,1,0,0,0,1,0,0,0,1,1,0,0,0,0,1,1,0,0,0,0,0,0,0,0,0,0,2,6,0,0,2,2,0,0,0,0,1,0,2,0,0,0,0,0,0,0,0,0,0,0,0,0,0,0,0,2,0,0,1,0,0,1,1,0,0,0,0,0,0,0,0,0,2,0,0,0,0,0,1,0,0,0,0,0,0,0,0,1,1,4,0,0,0,0,0,0,0,0,0,3,0,0,0,0,1,0,0,0
0,29,1,0,2,0,0,2,1,0,5,2,0,0,0,0,0,0,3,2,0,2,0,0,1,1,1,0,0,0,0,9,1,3,3,0,0,0,0,0,0,0,1,5,1,0,0,2,0,11,0,0,0,8,0,4,1,0,8,2,0,0,0,2,0,1,1,3,3,0,1,1,0,3,3,0,1,0,1,0,1,1,0,0,0,2,17,1,0,1,8,0,0,0,0,0,0,1,2,0,0,0,2,0,0,0,0,0,0,0,0,0,0,0,1,0,0,1,0,1,1,0,0,0,1,0,1,0,0,0,1,1,0,0,1,0,0,4,0,0,0,0,10,1,0,0,0,2,20,0,0,0,4,4,2,0,1,0,0,0,0,0,1,1,1,0,1
0,1,21,0,2,0,0,1,0,0,7,0,0,0,0,0,0,0,0,0,0,0,0,0,7,0,0,0,0,1,0,5,1,5,3,0,0,0,0,0,0,0,0,12,0,0,0,0,1,4,0,0,0,2,0,2,1,0,1,2,0,0,0,1,0,1,0,0,5,0,2,0,0,0,0,0,0,0,3,0,0,0,0,0,0,1,9,0,0,0,15,7,0,0,0,2,0,5,0,0,0,0,0,0,0,0,1,0,0,0,1,0,0,0,1,0,0,2,0,1,3,0,0,1,1,0,0,0,0,3,1,2,0,0,0,0,2,0,0,0,0,0,3,0,0,0,0,0,11,0,0,0,1,1,0,0,1,0,0,0,0,0,0,0,0,0,0
0,0,0,3,0,0,0,1,0,0,0,0,0,0,0,0,0,0,0,0,0,0,0,0,0,0,0,0,0,0,0,1,0,1,1,0,0,0,0,0,0,0,1,1,0,0,0,0,0,1,0,0,0,0,0,0,0,0,0,0,0,0,1,1,0,0,0,0,1,0,0,0,0,0,0,0,0,0,0,0,0,0,0,0,0,0,2,0,0,0,1,0,0,0,0,0,0,0,0,0,1,0,0,0,0,0,0,0,0,0,0,0,0,3,0,0,0,0,0,0,0,0,0,0,0,0,0,0,0,0,1,0,0,1,0,0,0,0,0,0,0,0,1,0,0,0,0,0,3,0,0,0,0,0,0,0,0,0,0,0,0,0,0,0,0,0,0
0,2,2,0,170,0,0,19,5,2,30,0,0,0,0,21,1,0,14,4,4,7,0,0,2,0,12,1,1,0,0,41,1,12,16,1,0,5,0,6,5,1,8,28,55,2,0,8,1,31,6,0,17,13,0,50,3,0,31,7,2,3,2,4,0,3,0,2,52,0,105,14,1,12,11,1,8,11,2,1,1,0,1,0,1,9,47,2,0,4,20,1,0,0,11,2,0,9,13,1,6,0,1,0,0,0,0,0,11,0,0,0,0,0,6,0,1,32,1,81,2,3,0,0,5,0,0,0,0,2,0,25,0,0,4,1,7,9,0,0,2,0,19,4,2,2,2,1,80,0,0,3,10,10,3,0,18,1,0,0,0,2,2,1,0,0,3
0,0,0,0,0,6,0,0,2,0,1,0,0,0,0,0,0,0,5,2,0,0,0,0,0,0,0,0,0,0,0,0,0,1,1,0,0,0,0,0,0,0,0,2,0,0,0,0,0,2,0,0,0,2,0,0,1,0,0,0,0,0,0,0,0,1,0,1,0,0,0,0,0,5,5,0,0,0,1,0,0,0,0,0,0,0,4,0,2,1,0,0,0,0,0,0,0,1,3,0,0,0,1,0,0,0,0,0,0,0,0,0,0,0,2,0,0,0,0,0,0,0,0,0,1,0,0,0,0,0,0,1,0,0,0,0,1,2,0,0,0,0,0,0,0,0,0,1,4,0,0,0,0,0,0,0,0,0,0,0,0,0,0,0,0,0,0
0,0,0,0,0,0,10,2,0,0,8,0,2,0,1,0,0,0,1,1,0,1,0,0,3,0,1,1,0,0,0,8,0,1,3,0,0,0,0,0,1,1,1,4,0,0,0,5,0,1,0,0,0,1,1,0,3,0,1,0,0,1,0,1,0,2,0,1,0,0,1,0,0,1,1,1,0,0,0,1,1,0,0,0,1,0,2,0,0,4,6,1,0,0,0,0,0,2,0,0,3,0,0,1,0,1,7,0,0,0,0,0,1,1,2,0,0,1,0,0,1,1,0,0,0,0,1,0,0,0,4,0,1,0,0,0,2,1,0,0,1,0,1,0,0,1,2,0,6,0,0,1,1,1,0,0,0,1,0,0,0,1,0,0,0,0,0
0,2,1,1,19,0,2,176,6,0,47,3,3,1,0,7,1,0,28,10,10,28,0,0,2,0,4,3,0,0,0,38,4,21,25,0,0,10,0,3,10,3,30,43,21,6,0,14,1,83,6,0,22,22,1,37,9,1,51,8,7,11,6,21,0,3,3,11,44,0,27,7,1,27,27,1,8,2,3,2,2,1,0,1,15,16,79,3,0,13,51,2,0,0,5,2,2,18,11,1,9,0,0,3,0,1,3,0,5,1,0,1,1,4,9,0,5,17,1,35,3,9,2,0,8,5,0,1,0,2,8,16,1,3,5,1,6,16,0,0,6,0,28,6,1,10,5,3,89,0,0,14,6,6,8,0,11,4,0,0,1,4,1,2,3,0,18
1,1,0,0,5,2,0,6,308,0,30,9,1,0,0,2,0,0,66,29,4,7,0,0,2,7,1,0,0,0,0,38,13,23,45,2,0,27,6,1,2,2,1,33,7,0,0,0,0,63,5,0,6,46,0,36,13,0,54,2,0,2,1,8,0,6,4,35,10,0,4,0,0,57,57,1,9,1,5,6,3,1,0,0,0,28,120,2,3,28,29,0,0,0,0,0,0,6,21,0,1,0,10,0,0,0,0,0,0,0,0,0,0,2,15,0,0,3,0,8,3,1,0,0,18,0,0,0,0,0,2,18,0,0,1,0,9,98,0,1,1,0,77,13,0,2,0,9,141,0,0,2,21,21,17,0,2,1,5,0,0,1,1,5,0,0,3
0,0,0,0,2,0,0,0,0,8,2,0,0,0,0,0,0,0,0,0,0,0,0,0,0,0,1,1,0,0,0,2,0,2,2,0,0,0,0,0,2,1,0,1,2,1,0,0,0,0,0,0,1,0,0,0,1,0,2,0,0,0,0,0,0,0,0,0,1,0,1,0,0,0,0,0,0,2,0,0,0,0,1,0,0,2,3,1,0,2,1,0,0,0,1,0,0,2,0,0,1,0,0,0,0,1,0,0,0,0,0,0,0,0,2,0,0,0,0,1,1,1,0,0,0,0,0,0,0,0,0,1,0,0,1,0,0,1,0,0,0,0,0,0,0,1,0,0,3,0,0,0,0,1,0,0,3,0,0,0,0,0,0,0,0,0,0
2,5,7,0,30,1,8,47,30,2,1011,18,6,0,1,23,1,2,93,63,19,32,0,2,39,14,11,15,0,1,0,234,13,97,156,1,0,12,8,15,17,6,14,255,46,2,1,71,0,207,17,0,38,168,2,155,95,6,210,40,6,22,6,43,0,30,15,68,134,0,42,10,2,90,87,1,20,8,10,10,8,3,0,6,3,86,492,17,2,80,344,11,1,0,8,8,0,135,52,1,54,0,27,3,0,5,18,0,13,4,0,2,1,9,65,0,7,37,3,43,48,13,3,1,37,0,10,2,0,13,34,47,1,2,9,3,59,142,0,0,12,0,163,7,2,14,11,6,574,0,0,9,80,78,23,0,11,10,16,1,1,7,9,3,2,0,19
0,2,0,0,0,0,0,3,9,0,18,102,0,0,0,2,0,0,22,30,0,1,0,0,1,29,0,0,0,0,0,28,4,12,13,0,0,3,11,0,0,1,0,17,2,0,0,1,0,22,1,0,0,78,0,12,5,2,19,6,0,2,0,1,0,5,2,36,5,0,1,0,0,22,22,1,5,0,4,1,0,0,0,0,0,17,38,3,2,31,12,0,0,0,1,0,0,4,13,0,0,0,27,0,0,2,0,0,0,0,0,0,0,0,47,0,0,0,0,1,0,1,0,0,8,0,0,0,0,0,1,10,0,0,0,0,2,23,0,0,0,0,33,6,0,2,0,3,50,0,0,0,9,9,8,0,1,1,1,0,0,0,0,6,0,0,0
0,0,0,0,0,0,2,3,1,0,6,0,13,0,0,0,0,0,1,1,1,0,0,0,1,0,0,0,0,0,0,7,0,2,4,0,0,0,0,0,0,1,1,1,0,0,0,3,0,2,0,0,2,1,0,0,1,1,2,0,0,0,1,2,0,2,1,0,0,1,0,0,0,1,1,0,1,0,0,0,1,0,0,0,0,1,5,0,0,1,3,0,1,0,0,0,0,1,2,0,1,0,0,0,0,0,3,0,0,0,0,0,0,0,0,0,0,0,0,0,1,0,0,0,1,1,0,0,0,0,11,0,0,0,1,0,1,1,0,0,0,0,1,0,0,0,0,0,6,0,0,1,1,1,1,0,0,0,1,0,0,0,0,0,0,0,1
0,0,0,0,0,0,0,1,0,0,0,0,0,2,0,0,0,0,0,0,0,0,0,0,0,0,0,0,0,0,0,0,0,0,0,0,0,0,0,0,0,1,0,0,0,0,0,0,0,1,0,0,1,0,0,0,0,0,1,0,0,0,1,0,0,0,0,0,0,0,0,0,0,0,0,0,0,0,0,0,0,0,0,0,0,0,0,0,0,1,0,0,0,0,0,0,0,0,0,0,0,0,0,0,0,0,0,0,0,0,0,0,0,0,0,0,1,0,0,0,0,1,0,0,0,0,0,0,0,0,0,0,0,0,0,0,0,0,0,0,1,0,0,0,0,0,0,0,0,0,0,0,0,0,0,0,0,1,0,0,1,0,0,0,0,1,0
0,0,0,0,0,0,1,0,0,0,1,0,0,0,1,0,0,0,0,0,0,0,0,0,0,0,0,0,0,0,0,1,0,0,0,0,0,0,0,0,0,0,0,1,0,0,0,1,0,0,0,0,0,0,0,0,0,0,0,0,0,0,0,0,0,0,0,0,0,0,0,0,0,0,0,0,0,0,0,0,0,0,0,0,0,0,1,0,0,0,0,0,0,0,0,0,0,1,0,0,1,0,0,0,0,0,1,0,0,0,0,0,0,0,0,0,0,0,0,0,0,0,0,0,0,0,0,0,0,0,0,0,0,0,0,0,0,0,0,0,0,0,0,0,0,0,0,0,1,0,0,0,0,0,0,0,0,0,0,0,0,0,0,0,0,0,0
0,0,0,0,21,0,0,7,2,0,23,2,0,0,0,103,1,0,13,7,6,4,0,0,4,0,5,0,0,0,0,40,0,9,16,3,0,1,0,2,4,1,1,17,20,0,0,3,0,22,6,0,7,11,1,20,4,0,22,7,2,4,0,5,0,2,3,5,24,0,13,4,2,12,12,1,4,12,1,1,2,0,0,0,0,6,48,4,0,8,24,1,0,0,1,2,0,11,6,0,4,0,4,1,0,1,2,0,3,0,0,0,1,1,6,0,1,11,0,11,3,2,1,0,5,1,1,1,0,0,1,11,0,0,3,0,2,12,0,0,2,1,15,1,0,4,6,0,55,0,0,3,6,7,2,0,4,1,0,0,0,1,1,0,2,0,1
0,0,0,0,1,0,0,1,0,0,1,0,0,0,0,1,1,0,0,0,0,0,0,0,1,0,0,0,0,0,0,1,0,1,0,0,0,0,0,0,0,0,0,1,1,0,0,0,0,1,0,0,1,1,0,1,0,0,0,1,1,0,0,0,0,0,0,0,1,0,0,0,1,0,0,0,0,0,1,0,0,0,0,0,0,0,1,0,0,0,1,0,0,0,0,1,0,1,0,0,0,0,0,0,0,0,0,0,0,0,0,0,0,0,0,0,0,0,0,1,0,0,0,0,0,0,0,0,0,0,0,1,0,0,1,0,0,1,0,0,0,0,0,0,0,0,0,0,1,0,0,1,0,0,0,0,0,0,0,0,0,0,0,0,0,0,0
0,0,0,0,0,0,0,0,0,0,2,0,0,0,0,0,0,4,0,0,0,0,0,0,0,0,0,1,0,0,0,2,0,0,0,0,0,0,0,0,0,0,0,1,0,0,0,3,0,1,0,0,0,0,0,0,0,0,0,0,0,0,0,0,0,0,0,0,0,0,0,0,0,0,0,0,0,0,0,0,0,0,0,1,0,0,1,0,0,0,0,0,0,0,0,0,0,1,0,0,3,0,0,0,0,0,1,0,0,0,0,0,0,0,1,0,0,0,0,0,0,1,0,0,0,0,0,0,0,0,1,0,0,0,0,0,0,0,0,0,0,0,0,0,0,0,0,0,0,0,0,0,1,1,0,0,0,0,0,0,0,0,0,0,0,0,0
1,3,0,0,14,5,1,28,66,0,93,22,1,0,0,13,0,0,814,87,7,9,0,1,4,14,1,5,0,0,0,190,21,60,132,1,0,13,9,13,7,2,7,114,22,3,0,11,0,258,53,0,51,140,0,135,39,4,174,44,2,6,3,14,0,20,11,74,42,0,24,7,1,773,768,1,24,8,14,11,6,0,0,0,1,303,444,9,6,68,105,1,0,0,4,1,0,24,78,1,13,0,25,1,0,0,2,0,2,0,0,0,0,4,60,0,1,5,0,17,25,5,0,0,60,0,0,0,0,0,6,56,0,0,8,0,22,102,0,1,4,0,232,23,0,7,3,16,402,0,0,2,46,46,44,0,10,3,5,1,0,1,6,12,1,0,14
0,2,0,0,4,2,1,10,29,0,63,30,1,0,0,7,0,0,87,497,0,6,0,0,3,19,1,1,0,0,0,120,9,37,94,1,0,10,47,1,7,3,6,53,9,1,0,3,0,107,5,0,4,265,1,67,22,1,86,13,1,10,1,10,0,12,5,176,34,0,8,2,0,86,83,2,28,1,8,7,5,0,1,0,4,58,246,3,5,185,87,1,0,0,3,0,0,17,66,1,4,0,104,0,0,6,1,0,1,1,0,0,0,2,41,0,2,10,0,8,10,5,0,0,50,0,2,0,0,0,3,28,0,0,2,0,14,94,0,0,1,0,151,11,1,6,1,5,273,0,0,1,43,42,22,0,3,3,9,1,0,1,1,7,1,0,3
0,0,0,0,4,0,0,10,4,0,19,0,1,0,0,6,0,0,7,0,44,16,0,0,0,2,1,0,0,0,0,11,0,6,12,0,0,2,0,0,4,1,6,15,11,1,0,2,1,23,1,0,5,4,0,8,1,0,15,6,2,1,0,2,0,0,0,3,15,0,6,1,1,5,5,0,2,1,0,1,2,0,0,0,3,3,24,1,0,2,11,1,0,0,1,0,0,12,4,0,2,0,0,0,0,0,1,0,3,1,0,0,0,0,3,0,1,8,0,5,3,0,2,0,6,1,0,1,0,0,0,7,0,0,2,0,0,7,0,0,0,0,2,1,2,0,1,3,20,0,0,5,2,2,0,0,3,0,1,0,0,0,0,0,0,0,1
1,2,0,0,7,0,1,28,7,0,32,1,0,0,0,4,0,0,9,6,16,101,0,0,0,3,4,4,1,0,0,20,1,9,15,0,0,1,0,2,8,3,22,25,11,1,0,3,0,51,5,0,10,13,3,15,1,0,31,0,5,10,0,11,0,3,1,6,19,0,6,2,1,7,7,2,4,0,1,3,2,0,0,0,14,0,46,2,0,12,24,0,0,0,2,1,0,10,3,0,4,0,0,3,0,1,2,0,5,0,0,0,1,3,7,0,4,17,1,11,2,7,1,0,6,3,0,0,0,1,2,8,1,0,0,2,0,12,0,0,2,0,12,3,1,7,2,1,43,0,0,14,6,6,3,0,3,3,3,0,2,6,1,1,3,1,11
0,0,0,0,0,0,0,0,0,0,0,0,0,0,0,0,0,0,0,0,0,0,0,0,0,0,0,0,0,0,0,0,0,0,0,0,0,0,0,0,0,0,0,0,0,0,0,0,0,0,0,0,0,0,0,0,0,0,0,0,0,0,0,0,0,0,0,0,0,0,0,0,0,0,0,0,0,0,0,0,0,0,0,0,0,0,0,0,0,0,0,0,0,0,0,0,0,0,0,0,0,0,0,0,0,0,0,0,0,0,0,0,0,0,0,0,0,0,0,0,0,0,0,0,0,0,0,0,0,0,0,0,0,0,0,0,0,0,0,0,0,0,0,0,0,0,0,0,0,0,0,0,0,0,0,0,0,0,0,0,0,0,0,0,0,0,0
0,0,0,0,0,0,0,0,0,0,2,0,0,0,0,0,0,0,1,0,0,0,0,6,6,0,0,0,0,2,0,0,0,0,1,0,0,0,0,0,0,0,0,2,1,0,0,0,0,2,1,0,0,2,0,0,0,0,0,0,0,0,0,1,0,0,0,0,1,0,1,0,0,1,1,0,0,0,0,0,0,0,0,0,0,0,2,0,0,0,6,1,0,0,0,0,0,0,0,0,0,0,0,0,0,0,0,0,0,0,0,0,0,0,0,0,0,1,0,0,0,0,0,0,0,0,0,0,0,0,0,0,0,0,0,0,0,0,0,0,1,0,1,0,0,1,0,0,2,0,0,0,0,0,0,0,1,1,0,0,0,1,0,0,0,0,0
0,1,7,0,2,0,3,2,2,0,39,1,1,0,0,4,1,0,4,3,0,0,0,6,92,0,0,1,0,3,0,18,3,11,9,0,0,0,0,0,0,0,0,27,4,0,0,5,0,16,1,0,2,17,0,10,6,0,11,4,1,1,0,10,0,1,1,3,7,0,5,0,2,4,4,0,2,0,1,0,0,1,0,1,0,7,45,2,0,3,65,10,0,0,0,3,0,9,1,0,4,0,0,0,0,0,4,0,0,0,1,1,0,1,3,0,0,4,0,1,5,1,0,1,4,0,0,0,0,2,3,3,0,0,1,0,3,7,0,0,1,0,14,0,0,1,0,0,51,0,0,1,7,7,0,0,2,1,0,0,0,1,0,0,0,0,0
0,1,0,0,0,0,0,0,7,0,14,29,0,0,0,0,0,0,14,19,2,3,0,0,0,79,0,0,0,0,0,20,3,10,8,0,0,0,4,1,1,0,0,12,1,0,0,2,0,12,1,0,1,64,0,7,7,0,10,4,0,0,0,4,0,4,3,19,4,0,1,1,0,13,13,0,6,0,2,2,1,0,0,0,0,7,28,3,1,24,13,0,0,0,2,0,0,4,8,0,1,0,7,0,0,0,1,0,2,0,0,0,0,0,28,0,0,1,0,1,2,0,0,0,5,0,1,0,0,0,1,3,0,0,1,0,2,25,0,0,0,0,13,1,0,0,0,2,35,0,0,0,5,5,2,0,1,0,5,0,0,1,0,1,0,0,0
0,1,0,0,12,0,1,4,1,1,11,0,0,0,0,5,0,0,1,1,1,4,0,0,0,0,54,1,0,0,0,12,0,3,8,0,0,0,0,0,2,1,3,19,17,0,0,1,0,16,0,0,1,4,1,8,0,0,8,2,1,1,0,3,0,2,0,0,33,0,12,6,0,1,1,2,9,1,0,1,0,0,0,0,2,2,20,0,0,1,9,0,0,0,2,0,0,4,1,0,3,0,0,1,0,1,3,0,32,2,0,0,1,0,5,0,1,16,0,15,1,1,1,0,1,0,0,0,0,0,0,15,1,0,0,0,0,2,0,0,2,0,7,1,0,1,1,0,28,0,0,3,3,3,0,0,7,1,0,0,1,2,0,0,0,0,1
0,0,0,0,1,0,1,3,0,1,15,0,0,0,0,0,0,1,5,1,0,4,0,0,1,0,1,38,0,0,0,13,0,5,5,0,0,1,0,1,5,5,7,10,3,0,1,5,0,7,1,0,5,4,2,2,6,0,5,1,0,8,2,2,0,0,0,4,6,0,3,1,1,4,4,1,0,0,1,1,0,0,2,1,2,2,11,0,0,8,10,1,0,0,2,0,0,3,2,0,10,0,0,3,0,1,2,0,0,1,0,0,1,0,10,0,0,3,0,2,1,8,0,0,1,0,0,0,0,1,1,2,1,0,2,0,1,3,0,0,4,0,4,0,0,7,1,0,15,0,0,1,1,2,0,0,2,4,1,0,2,8,0,0,0,1,5
0,0,0,0,1,0,0,0,0,0,0,0,0,0,0,0,0,0,0,0,0,1,0,0,0,0,0,0,2,0,0,1,0,0,0,0,0,0,0,0,0,0,0,1,0,0,0,0,0,2,0,0,0,0,0,0,0,0,0,0,0,0,0,0,0,0,0,0,0,0,0,0,0,0,0,0,0,0,0,0,0,0,0,0,0,0,1,1,0,1,0,0,0,0,0,0,0,0,0,0,0,0,0,0,0,0,0,0,0,0,0,0,0,0,0,0,0,0,0,0,0,0,0,0,0,0,0,0,0,0,0,0,0,0,0,0,0,0,0,0,0,0,0,0,0,0,0,0,1,0,0,0,0,0,0,0,0,0,0,0,0,0,0,0,0,0,0
0,0,1,0,0,0,0,0,0,0,1,0,0,0,0,0,0,0,0,0,0,0,0,2,3,0,0,0,0,5,0,0,0,1,2,0,0,0,0,0,0,0,0,1,1,0,0,0,0,0,0,0,0,1,0,0,0,0,0,1,0,0,0,1,0,0,0,0,0,0,0,0,0,0,0,0,0,0,0,0,0,0,0,0,0,0,1,0,0,0,2,1,0,0,0,0,0,0,0,0,0,0,0,0,0,0,0,0,0,0,0,0,0,0,0,0,0,1,0,0,0,0,0,0,0,0,0,0,0,0,0,0,0,0,0,0,0,0,0,0,0,0,0,0,0,0,0,0,1,0,0,0,0,0,0,0,0,0,0,0,0,0,0,0,0,0,0
0,0,0,0,0,0,0,0,0,0,0,0,0,0,0,0,0,0,0,0,0,0,0,0,0,0,0,0,0,0,0,0,0,0,0,0,0,0,0,0,0,0,0,0,0,0,0,0,0,0,0,0,0,0,0,0,0,0,0,0,0,0,0,0,0,0,0,0,0,0,0,0,0,0,0,0,0,0,0,0,0,0,0,0,0,0,0,0,0,0,0,0,0,0,0,0,0,0,0,0,0,0,0,0,0,0,0,0,0,0,0,0,0,0,0,0,0,0,0,0,0,0,0,0,0,0,0,0,0,0,0,0,0,0,0,0,0,0,0,0,0,0,0,0,0,0,0,0,0,0,0,0,0,0,0,0,0,0,0,0,0,0,0,0,0,0,0
3,9,5,1,41,0,8,38,38,2,234,28,7,0,1,40,1,2,190,120,11,20,0,0,18,20,12,13,1,0,0,1131,21,124,195,5,0,9,19,10,10,9,21,224,79,2,1,34,1,249,31,0,38,197,1,144,94,6,279,56,3,18,5,33,0,46,30,100,98,0,49,15,4,189,183,4,18,13,16,23,12,2,1,1,5,170,465,19,3,105,247,6,1,0,7,6,0,67,109,1,29,0,52,3,0,3,19,0,13,3,1,1,1,15,105,0,0,31,0,39,40,13,2,1,49,2,2,0,0,8,34,86,1,0,7,4,57,143,0,1,5,0,207,20,2,11,11,11,614,0,0,9,340,336,52,0,15,4,12,3,2,8,7,9,2,0,16
0,1,1,0,1,0,0,4,13,0,13,4,0,0,0,0,0,0,21,9,0,1,0,0,3,3,0,0,0,0,0,21,59,12,23,0,0,2,1,1,0,0,0,8,2,0,0,1,0,21,2,0,0,10,0,6,5,0,29,3,0,1,0,1,0,7,4,8,3,0,2,0,0,20,20,0,4,0,6,5,1,0,0,0,0,13,29,2,0,9,16,0,0,0,0,2,0,1,12,0,2,0,1,0,0,0,1,0,0,0,0,0,0,0,7,0,0,2,0,1,6,0,0,0,8,0,0,0,0,1,0,14,0,0,0,0,3,6,0,0,0,0,29,9,0,0,0,4,31,0,0,0,11,11,25,0,1,0,0,2,0,0,0,5,0,0,0
5,3,5,1,12,1,1,21,23,2,97,12,2,0,0,9,1,0,60,37,6,9,0,0,11,10,3,5,0,1,0,124,12,563,224,0,0,5,4,5,5,2,10,98,24,3,1,9,1,95,6,0,16,83,0,49,18,2,128,33,1,7,1,13,0,6,7,24,51,0,18,6,1,60,58,0,11,1,8,44,7,1,1,1,2,44,182,3,1,28,93,2,0,0,5,2,0,22,41,1,9,0,12,0,0,0,1,1,6,0,1,0,0,2,40,0,1,10,0,18,26,4,0,0,21,2,1,0,0,3,10,35,0,1,5,1,10,52,0,0,1,1,122,10,2,3,5,9,284,0,0,1,45,42,31,0,10,0,5,2,0,2,1,7,1,0,4
4,3,3,1,16,1,3,25,45,2,156,13,4,0,0,16,0,0,132,94,12,15,0,1,9,8,8,5,0,2,0,195,23,224,893,4,0,12,11,10,13,4,10,142,32,2,0,12,0,186,14,0,21,129,3,139,29,5,207,32,2,14,4,21,0,13,10,79,84,0,29,9,1,127,124,2,22,5,12,60,7,0,1,1,5,94,383,7,2,74,192,2,1,0,6,1,0,32,51,1,21,0,20,2,0,3,6,1,6,2,0,1,1,3,68,0,3,22,1,22,28,9,1,0,48,2,2,0,0,4,12,69,1,1,3,0,20,116,0,0,2,0,223,29,1,8,10,16,477,0,0,3,64,61,44,0,10,2,8,4,1,5,5,9,0,1,9
0,0,0,0,1,0,0,0,2,0,1,0,0,0,0,3,0,0,1,1,0,0,0,0,0,0,0,0,0,0,0,5,0,0,4,14,0,0,1,0,1,0,0,2,0,0,0,0,0,3,0,0,0,1,0,1,4,0,4,0,0,0,0,1,0,3,1,2,0,0,2,0,0,1,1,0,1,1,1,4,0,0,0,0,0,2,3,0,0,1,3,0,0,0,0,0,0,1,1,0,0,0,1,0,0,0,0,0,0,0,0,0,0,0,2,0,0,2,0,1,1,0,0,0,1,0,0,0,0,0,1,3,0,0,0,0,4,0,0,0,0,0,6,3,0,0,0,2,6,0,0,0,4,4,3,0,2,0,0,0,0,0,0,1,0,0,0
0,0,0,0,0,0,0,0,0,0,0,0,0,0,0,0,0,0,0,0,0,0,0,0,0,0,0,0,0,0,0,0,0,0,0,0,0,0,0,0,0,0,0,0,0,0,0,0,0,0,0,0,0,0,0,0,0,0,0,0,0,0,0,0,0,0,0,0,0,0,0,0,0,0,0,0,0,0,0,0,0,0,0,0,0,0,0,0,0,0,0,0,0,0,0,0,0,0,0,0,0,0,0,0,0,0,0,0,0,0,0,0,0,0,0,0,0,0,0,0,0,0,0,0,0,0,0,0,0,0,0,0,0,0,0,0,0,0,0,0,0,0,0,0,0,0,0,0,0,0,0,0,0,0,0,0,0,0,0,0,0,0,0,0,0,0,0
0,0,0,0,5,0,0,10,27,0,12,3,0,0,0,1,0,0,13,10,2,1,0,0,0,0,0,1,0,0,0,9,2,5,12,0,0,65,1,2,2,0,6,9,5,6,0,3,0,11,1,0,3,13,0,13,4,0,13,2,0,2,2,3,0,1,0,13,7,0,5,0,0,11,10,1,1,1,0,2,0,0,0,1,0,6,27,0,1,8,16,0,0,0,2,0,1,4,4,1,4,0,5,0,0,1,0,0,0,0,0,0,0,1,3,0,0,2,0,6,0,2,0,0,5,0,0,0,0,0,1,2,0,1,1,0,3,18,0,0,1,0,15,1,1,0,1,0,37,0,0,0,3,3,1,0,5,2,0,0,0,0,0,1,0,0,5
0,0,0,0,0,0,0,0,6,0,8,11,0,0,0,0,0,0,9,47,0,0,0,0,0,4,0,0,0,0,0,19,1,4,11,1,0,1,63,0,1,0,0,2,1,0,0,0,0,16,0,0,0,45,0,0,3,0,9,1,0,1,0,0,0,3,0,39,2,0,1,0,0,12,8,1,4,0,4,4,0,0,0,0,0,10,24,1,2,33,5,0,0,0,0,0,0,1,15,0,0,0,33,0,0,0,0,0,0,0,0,0,0,0,5,0,1,0,0,0,0,0,0,0,6,0,0,0,0,0,0,6,0,0,0,0,3,12,0,0,0,0,12,4,1,0,0,3,32,0,0,0,10,10,6,0,0,0,2,0,0,0,0,5,0,0,0
0,0,0,0,6,0,0,3,1,0,15,0,0,0,0,2,0,0,13,1,0,2,0,0,0,1,0,1,0,0,0,10,1,5,10,0,0,2,0,72,0,0,4,13,8,0,0,2,0,11,8,0,17,5,0,65,7,0,16,3,0,0,1,1,0,0,1,4,8,0,10,2,0,13,12,0,0,1,1,1,0,0,0,0,0,6,21,0,0,3,9,0,0,0,1,0,0,6,9,0,2,0,0,1,0,0,0,0,1,0,0,0,0,1,3,0,1,1,1,6,1,2,0,0,1,0,0,0,0,1,0,1,0,0,1,0,9,3,0,0,2,0,12,1,0,1,0,0,43,0,0,0,4,3,2,0,2,0,0,0,0,1,5,0,0,0,4
0,0,0,0,5,0,1,10,2,2,17,0,0,0,0,4,0,0,7,7,4,8,0,0,0,1,2,5,0,0,0,10,0,5,13,1,0,2,1,0,47,4,7,8,6,4,0,3,0,17,1,0,7,7,4,10,2,0,14,3,3,7,0,5,0,1,0,5,10,0,6,0,1,6,6,1,1,0,0,1,0,0,2,0,3,3,29,3,0,9,10,0,0,0,2,0,0,3,2,1,6,0,0,3,0,2,2,0,1,0,0,1,2,3,5,0,2,2,0,4,2,4,2,0,2,0,1,1,0,0,0,2,1,1,3,0,1,8,0,0,6,0,8,1,0,6,3,0,27,0,0,4,1,2,2,0,5,1,1,0,1,4,0,1,0,2,4
1,0,0,0,1,0,1,3,2,1,6,1,1,1,0,1,0,0,2,3,1,3,0,0,0,0,1,5,0,0,0,9,0,2,4,0,0,0,0,0,4,30,2,4,0,0,0,2,0,3,0,0,1,5,3,6,4,1,7,1,0,11,0,1,0,2,1,8,3,0,0,0,1,2,2,1,1,0,0,1,0,0,0,0,1,2,10,2,0,13,16,0,0,0,1,1,0,2,1,0,2,0,2,4,0,5,1,0,0,0,0,0,2,0,5,0,0,3,0,0,0,13,0,0,2,1,0,0,0,0,1,0,1,0,0,0,2,3,0,0,2,0,3,1,0,10,2,0,8,0,0,1,0,0,0,0,1,4,3,0,1,5,1,0,0,1,0
0,1,0,1,8,0,1,30,1,0,14,0,1,0,0,1,0,0,7,6,6,22,0,0,0,0,3,7,0,0,0,21,0,10,10,0,0,6,0,4,7,2,69,15,6,4,0,4,0,44,2,0,12,14,1,13,4,0,23,1,5,6,3,9,0,1,0,4,13,0,11,2,0,7,7,2,2,0,0,3,0,0,0,0,15,3,30,1,0,6,16,0,0,0,3,0,0,5,2,1,7,0,0,1,0,1,1,0,1,0,0,1,1,5,3,0,1,5,0,12,1,3,0,0,3,6,0,0,0,0,5,4,1,1,1,0,3,6,0,0,3,0,15,1,1,4,2,1,34,0,0,12,5,5,1,0,5,3,0,0,2,3,0,1,1,0,7
2,5,12,1,28,2,4,43,33,1,255,17,1,0,1,17,1,1,114,53,15,25,0,2,27,12,19,10,1,1,0,224,8,98,142,2,0,9,2,13,8,4,15,887,46,3,0,30,1,199,14,0,24,157,2,142,53,5,204,31,8,16,5,43,0,12,17,46,188,0,45,19,4,104,100,1,30,7,16,17,6,0,0,2,6,66,433,11,3,45,244,14,0,0,8,7,0,105,46,1,34,0,24,2,0,3,10,0,17,0,1,0,1,7,87,0,3,43,2,51,43,9,1,1,42,0,1,1,0,11,13,57,1,1,8,1,34,105,0,0,8,0,173,9,1,8,10,5,495,0,0,9,80,78,23,0,12,7,8,0,2,4,5,4,2,0,13
0,1,0,0,55,0,0,21,7,2,46,2,0,0,0,20,1,0,22,9,11,11,0,1,4,1,17,3,0,1,0,79,2,24,32,0,0,5,1,8,6,0,6,46,244,3,0,7,2,58,9,0,22,26,1,67,11,0,46,14,1,3,1,10,0,2,1,5,73,0,76,26,3,20,18,1,7,10,2,5,2,0,2,1,4,16,81,3,0,8,42,1,0,0,10,1,1,21,23,0,12,0,2,0,0,0,2,0,15,3,0,0,0,1,19,0,1,37,0,57,2,6,1,0,8,1,0,0,0,2,6,74,0,0,10,1,10,25,0,0,4,0,36,8,1,3,1,0,108,0,0,5,12,11,5,2,22,0,1,0,0,3,3,2,0,0,2
0,0,0,0,2,0,0,6,0,1,2,0,0,0,0,0,0,0,3,1,1,1,0,0,0,0,0,0,0,0,0,2,0,3,2,0,0,6,0,0,4,0,4,3,3,16,0,2,0,3,1,0,5,2,0,3,1,0,6,1,0,1,1,2,0,1,0,0,3,0,2,0,0,2,2,0,1,0,0,0,0,0,0,1,1,1,5,2,0,2,6,0,0,0,1,0,2,3,0,1,1,0,0,0,0,0,0,0,0,0,0,1,0,0,0,0,0,1,0,3,0,0,0,0,1,0,0,0,0,0,2,1,0,1,0,0,1,1,0,0,2,0,3,1,1,0,2,0,9,0,0,0,1,1,1,0,2,1,0,0,0,0,0,1,0,0,4
0,0,0,0,0,0,0,0,0,0,1,0,0,0,0,0,0,0,0,0,0,0,0,0,0,0,0,1,0,0,0,1,0,1,0,0,0,0,0,0,0,0,0,0,0,0,1,1,0,0,0,0,0,0,0,0,0,0,0,0,0,0,0,0,0,0,0,0,0,0,0,0,0,0,0,0,0,0,0,0,0,0,0,0,0,0,0,0,0,0,0,0,0,0,0,0,0,0,0,0,1,0,0,0,0,0,0,0,0,0,0,0,0,0,0,0,0,0,0,0,1,0,0,0,0,0,0,0,0,0,1,0,0,0,0,0,0,0,0,0,0,0,0,0,0,0,0,0,1,0,0,0,0,0,0,0,0,0,0,0,0,0,0,0,0,0,0
0,2,0,0,8,0,5,14,0,0,71,1,3,0,1,3,0,3,11,3,2,3,0,0,5,2,1,5,0,0,0,34,1,9,12,0,0,3,0,2,3,2,4,30,7,2,1,113,0,21,6,0,6,14,2,23,16,0,18,4,0,6,1,7,0,6,1,4,13,0,10,0,0,10,10,0,2,0,1,0,0,1,0,4,2,6,47,2,0,9,36,4,0,0,1,1,0,26,5,1,31,0,2,1,0,1,9,0,2,0,0,0,1,2,6,0,2,5,0,8,6,6,0,0,4,0,3,0,0,0,9,3,0,0,1,0,11,7,0,0,5,0,11,3,1,5,5,0,62,0,0,1,6,6,4,0,3,2,0,0,1,1,0,1,0,0,5
0,0,1,0,1,0,0,1,0,0,0,0,0,0,0,0,0,0,0,0,1,0,0,0,0,0,0,0,0,0,0,1,0,1,0,0,0,0,0,0,0,0,0,1,2,0,0,0,3,2,0,0,0,0,0,2,0,0,0,1,0,0,0,0,0,0,0,0,2,0,3,1,0,0,0,0,0,0,1,0,0,0,0,0,0,0,1,0,0,0,1,0,0,0,0,0,0,1,0,0,0,0,0,0,0,0,0,0,0,0,0,0,0,0,0,0,0,1,0,2,0,0,0,0,1,0,0,0,0,1,0,0,0,0,0,0,0,0,0,0,0,0,2,0,0,0,0,0,0,0,0,0,0,0,0,0,2,0,0,0,0,0,0,0,0,0,0
2,11,4,1,31,2,1,83,63,0,207,22,2,1,0,22,1,1,258,107,23,51,0,2,16,12,16,7,2,0,0,249,21,95,186,3,0,11,16,11,17,3,44,199,58,3,0,21,2,1211,23,0,45,200,5,160,48,2,280,37,10,22,5,44,0,22,14,85,95,0,55,14,4,250,247,3,30,5,13,26,7,1,0,0,16,193,1123,15,3,72,235,5,0,0,8,4,0,55,78,1,23,0,35,3,0,2,3,0,15,2,0,0,2,8,65,0,8,29,1,47,39,12,2,1,56,4,2,2,0,4,11,84,1,2,11,2,29,217,0,0,10,0,291,27,1,16,13,21,669,0,0,17,91,89,64,1,22,10,10,2,5,10,5,16,4,3,24
0,0,0,0,6,0,0,6,5,0,17,1,0,0,0,6,0,0,53,5,1,5,0,1,1,1,0,1,0,0,0,31,2,6,14,0,0,1,0,8,1,0,2,14,9,1,0,6,0,23,111,0,51,10,0,48,7,1,24,6,0,3,0,1,0,1,0,3,11,0,10,2,0,52,49,0,1,0,0,2,1,0,0,0,0,21,38,1,0,5,20,0,0,0,1,1,0,6,14,0,3,0,0,2,0,0,0,0,0,0,0,0,0,2,8,0,1,2,0,7,2,1,0,0,4,0,0,0,0,1,0,5,0,0,2,0,5,9,0,0,2,0,20,1,0,1,0,0,59,0,0,0,5,5,1,0,5,3,0,0,0,0,3,1,1,0,8
0,0,0,0,0,0,0,0,0,0,0,0,0,0,0,0,0,0,0,0,0,0,0,0,0,0,0,0,0,0,0,0,0,0,0,0,0,0,0,0,0,0,0,0,0,0,0,0,0,0,0,0,0,0,0,0,0,0,0,0,0,0,0,0,0,0,0,0,0,0,0,0,0,0,0,0,0,0,0,0,0,0,0,0,0,0,0,0,0,0,0,0,0,0,0,0,0,0,0,0,0,0,0,0,0,0,0,0,0,0,0,0,0,0,0,0,0,0,0,0,0,0,0,0,0,0,0,0,0,0,0,0,0,0,0,0,0,0,0,0,0,0,0,0,0,0,0,0,0,0,0,0,0,0,0,0,0,0,0,0,0,0,0,0,0,0,0
1,0,0,0,17,0,0,22,6,1,38,0,2,1,0,7,1,0,51,4,5,10,0,0,2,1,1,5,0,0,0,38,0,16,21,0,0,3,0,17,7,1,12,24,22,5,0,6,0,45,51,0,183,15,2,81,10,0,40,4,3,6,5,12,0,1,2,4,27,0,23,6,3,52,47,0,4,1,1,1,0,2,0,0,2,12,66,2,0,8,27,3,0,0,2,2,0,14,15,0,6,0,0,1,0,0,0,0,2,1,0,0,0,5,12,0,4,10,2,18,1,2,0,0,1,2,0,1,0,3,6,14,0,1,7,0,9,9,0,0,9,0,22,3,1,5,1,2,94,0,0,7,5,6,4,0,1,3,3,0,3,2,3,1,0,2,18
2,8,2,0,13,2,1,22,46,0,168,78,1,0,0,11,1,0,140,265,4,13,0,2,17,64,4,4,0,1,0,197,10,83,129,1,0,13,45,5,7,5,14,157,26,2,0,14,0,200,10,0,15,1066,1,157,34,1,169,50,2,16,3,32,0,19,12,192,68,0,26,5,1,137,133,2,32,3,10,12,6,0,0,0,3,115,507,6,5,238,213,4,0,0,7,3,0,49,84,1,13,0,171,0,0,6,3,0,5,0,0,2,0,4,91,0,4,22,1,16,30,8,0,0,60,0,3,1,0,5,11,47,0,0,3,0,21,219,0,0,5,0,328,14,1,11,4,11,541,0,0,3,64,63,30,0,8,3,29,2,0,3,3,6,1,0,7
0,0,0,0,0,0,1,1,0,0,2,0,0,0,0,1,0,0,0,1,0,3,0,0,0,0,1,2,0,0,0,1,0,0,3,0,0,0,0,0,4,3,1,2,1,0,0,2,0,5,0,0,2,1,11,2,0,0,0,1,0,5,0,0,0,0,0,0,0,0,0,0,1,0,0,1,0,0,0,1,0,0,0,0,2,0,5,0,0,3,2,0,0,0,0,0,0,1,0,0,3,0,0,3,0,2,1,0,0,0,0,0,2,0,2,0,1,1,0,0,0,4,0,0,0,0,0,0,0,0,0,2,1,0,0,0,0,0,0,0,2,0,0,0,0,5,2,0,6,0,0,1,0,0,0,0,0,1,0,0,1,3,0,1,0,1,1
2,4,2,0,50,0,0,37,36,0,155,12,0,0,0,20,1,0,135,67,8,15,0,0,10,7,8,2,0,0,0,144,6,49,139,1,0,13,0,65,10,6,13,142,67,3,0,23,2,160,48,0,81,157,2,870,38,2,168,24,2,16,3,24,0,3,5,43,87,0,60,15,3,129,126,1,17,7,5,7,8,2,2,0,1,120,398,10,0,50,193,3,0,0,7,4,0,56,69,1,13,0,15,4,0,2,3,0,9,0,0,1,0,6,49,0,3,23,0,37,21,8,2,0,25,0,1,0,0,9,18,42,0,0,12,1,38,82,0,0,5,0,224,10,0,11,4,3,487,0,0,3,42,40,20,0,20,3,9,0,2,8,19,3,2,2,17
0,1,1,0,3,1,3,9,13,1,95,5,1,0,0,4,0,0,39,22,1,1,0,0,6,7,0,6,0,0,0,94,5,18,29,4,0,4,3,7,2,4,4,53,11,1,0,16,0,48,7,0,10,34,0,38,201,2,53,12,3,5,1,8,0,33,16,23,22,0,15,1,0,40,38,0,6,3,12,6,3,3,0,0,0,29,70,7,3,21,69,3,1,0,3,0,0,49,19,1,13,0,3,0,0,2,5,0,0,0,0,0,0,2,29,0,0,3,0,8,12,4,1,0,9,0,2,0,0,0,6,15,0,0,2,0,103,16,0,0,0,0,34,10,0,4,4,6,101,0,0,0,24,23,13,0,5,2,1,1,0,1,8,4,0,0,4
0,0,0,0,0,0,0,1,0,0,6,2,1,0,0,0,0,0,4,1,0,0,0,0,0,0,0,0,0,0,0,6,0,2,5,0,0,0,0,0,0,1,0,5,0,0,0,0,0,2,1,0,0,1,0,2,2,17,5,1,0,1,0,1,0,2,1,3,1,0,0,0,0,5,4,0,1,0,0,0,1,0,0,0,0,4,8,1,0,2,7,0,1,0,0,0,0,2,1,0,0,0,0,0,0,0,1,0,0,0,0,0,0,0,1,0,0,0,0,0,3,0,0,0,0,0,0,0,0,0,10,0,0,0,1,0,1,0,0,0,0,0,1,0,0,1,3,0,9,0,0,1,1,1,1,0,0,0,0,1,0,0,0,0,0,0,0
4,8,1,0,31,0,1,51,54,2,210,19,2,1,0,22,0,0,174,86,15,31,0,0,11,10,8,5,0,0,0,279,29,128,207,4,0,13,9,16,14,7,23,204,46,6,0,18,0,280,24,0,40,169,0,168,53,5,1180,80,4,15,4,50,0,23,18,75,103,0,51,15,3,169,165,3,15,8,9,23,11,2,1,0,7,146,526,16,4,88,206,3,1,0,5,1,1,48,98,0,17,0,31,2,0,4,4,1,9,1,0,3,0,9,72,0,2,23,3,40,43,10,1,0,36,2,2,2,0,2,15,67,0,3,5,2,35,118,0,0,8,0,237,22,3,10,6,16,615,0,0,9,81,79,144,0,13,6,9,2,0,4,10,9,1,0,10
1,2,2,0,7,0,0,8,2,0,40,6,0,0,0,7,1,0,44,13,6,0,0,0,4,4,2,1,0,1,0,56,3,33,32,0,0,2,1,3,3,1,1,31,14,1,0,4,1,37,6,0,4,50,1,24,12,1,80,217,2,1,0,8,0,5,0,16,20,0,10,2,3,45,44,1,4,2,4,2,3,0,0,0,0,55,79,3,0,12,27,0,0,0,2,2,0,15,19,1,3,0,11,0,0,1,0,0,3,0,0,0,0,0,10,0,0,8,0,9,21,1,1,0,7,0,0,1,0,2,0,12,0,0,3,1,5,22,0,0,1,0,36,1,0,1,1,0,106,0,0,2,7,7,6,0,3,1,0,0,0,1,1,2,1,0,2
0,0,0,0,2,0,0,7,0,0,6,0,0,0,0,2,1,0,2,1,2,5,0,0,1,0,1,0,0,0,0,3,0,1,2,0,0,0,0,0,3,0,5,8,1,0,0,0,0,10,0,0,3,2,0,2,3,0,4,2,16,0,0,4,0,1,0,0,6,0,1,0,2,2,1,0,0,0,1,0,0,0,0,0,4,0,8,0,0,2,5,0,0,0,0,1,0,4,0,0,1,0,1,0,0,0,0,0,0,0,0,0,0,1,2,0,0,1,0,3,1,0,0,0,0,1,0,1,0,0,0,3,0,0,2,0,1,1,0,0,0,0,1,0,0,0,0,0,8,0,0,6,1,1,0,0,0,0,0,0,0,0,0,0,0,0,2
0,0,0,0,3,0,1,11,2,0,22,2,0,0,0,4,0,0,6,10,1,10,0,0,1,0,1,8,0,0,0,18,1,7,14,0,0,2,1,0,7,11,6,16,3,1,0,6,0,22,3,0,6,16,5,16,5,1,15,1,0,83,0,2,0,3,1,10,12,0,3,2,1,5,5,2,4,0,0,1,0,0,0,0,2,5,41,3,0,17,39,0,0,0,2,2,0,9,1,0,8,0,4,4,0,4,1,0,2,2,0,1,2,2,4,0,6,3,0,4,2,25,0,0,3,1,0,0,0,1,2,1,1,1,0,1,2,10,0,0,6,0,6,3,0,23,4,0,44,0,0,2,5,5,3,1,1,7,3,1,4,12,2,1,0,2,4
0,0,0,1,2,0,0,6,1,0,6,0,1,1,0,0,0,0,3,1,0,0,0,0,0,0,0,2,0,0,0,5,0,1,4,0,0,2,0,1,0,0,3,5,1,1,0,1,0,5,0,0,5,3,0,3,1,0,4,0,0,0,19,3,0,0,0,2,3,0,3,0,0,3,3,0,1,1,0,0,0,0,0,0,0,2,7,0,0,2,4,1,0,0,1,0,0,3,2,0,3,0,0,0,0,0,0,0,0,0,0,0,0,1,1,0,1,1,1,4,0,2,0,0,0,1,0,1,0,0,1,2,0,4,2,0,0,1,0,0,1,0,5,0,0,1,0,0,10,0,0,1,0,0,1,0,2,2,1,0,1,3,0,0,0,1,4
1,2,1,1,4,0,1,21,8,0,43,1,2,0,0,5,0,0,14,10,2,11,0,1,10,4,3,2,0,1,0,33,1,13,21,1,0,3,0,1,5,1,9,43,10,2,0,7,0,44,1,0,12,32,0,24,8,1,50,8,4,2,3,180,0,3,4,9,18,0,7,1,0,14,13,0,7,0,4,1,2,0,0,1,4,17,84,4,0,16,64,4,1,0,4,3,0,13,6,1,2,0,3,0,0,0,2,0,4,0,0,0,0,5,11,0,2,10,7,8,10,2,1,0,8,1,0,1,0,6,6,6,0,3,1,0,6,21,0,0,7,0,26,1,0,3,5,2,93,0,0,4,11,11,8,0,4,4,2,1,0,1,1,2,0,0,6
0,0,0,0,0,0,0,0,0,0,0,0,0,0,0,0,0,0,0,0,0,0,0,0,0,0,0,0,0,0,0,0,0,0,0,0,0,0,0,0,0,0,0,0,0,0,0,0,0,0,0,0,0,0,0,0,0,0,0,0,0,0,0,0,0,0,0,0,0,0,0,0,0,0,0,0,0,0,0,0,0,0,0,0,0,0,0,0,0,0,0,0,0,0,0,0,0,0,0,0,0,0,0,0,0,0,0,0,0,0,0,0,0,0,0,0,0,0,0,0,0,0,0,0,0,0,0,0,0,0,0,0,0,0,0,0,0,0,0,0,0,0,0,0,0,0,0,0,0,0,0,0,0,0,0,0,0,0,0,0,0,0,0,0,0,0,0
0,1,1,0,3,1,2,3,6,0,30,5,2,0,0,2,0,0,20,12,0,3,0,0,1,4,2,0,0,0,0,46,7,6,13,3,0,1,3,0,1,2,1,12,2,1,0,6,0,22,1,0,1,19,0,3,33,2,23,5,1,3,0,3,0,79,9,17,3,0,5,0,0,20,20,1,6,0,7,5,0,1,0,0,0,12,29,3,1,15,23,0,0,0,0,0,0,7,11,0,5,0,4,0,0,0,3,0,1,0,0,0,0,2,10,0,0,2,0,3,3,1,0,0,7,0,1,0,0,0,6,11,0,0,0,0,27,11,0,0,1,0,15,9,0,3,5,5,36,0,0,0,19,19,8,0,2,0,1,4,0,0,1,4,0,0,0
0,1,0,0,0,0,0,3,4,0,15,2,1,0,0,3,0,0,11,5,0,1,0,0,1,3,0,0,0,0,0,30,4,7,10,1,0,0,0,1,0,1,0,17,1,0,0,1,0,14,0,0,2,12,0,5,16,1,18,0,0,1,0,4,0,9,39,9,4,0,3,0,0,12,11,0,3,1,4,1,1,0,0,0,0,9,16,3,1,5,14,0,0,0,0,0,0,4,6,0,3,0,2,1,0,0,1,0,0,0,0,0,0,2,6,0,0,1,0,2,1,1,1,0,7,0,0,0,0,1,1,6,0,0,0,0,11,6,0,0,0,0,12,2,0,1,0,4,22,0,0,1,21,20,9,0,0,0,0,1,0,0,2,2,0,0,1
1,3,0,0,2,1,1,11,35,0,68,36,0,0,0,5,0,0,74,176,3,6,0,0,3,19,0,4,0,0,0,100,8,24,79,2,0,13,39,4,5,8,4,46,5,0,0,4,0,85,3,0,4,192,0,43,23,3,75,16,0,10,2,9,0,17,9,411,22,0,8,2,0,72,68,1,13,0,7,6,3,0,1,0,1,59,172,3,4,222,69,0,0,0,5,0,0,11,68,0,5,0,99,1,0,10,1,0,2,0,0,0,0,0,26,0,1,10,0,7,10,8,0,0,26,0,3,0,0,0,5,20,0,0,1,0,14,94,0,0,1,0,93,8,1,6,2,8,213,0,0,1,30,30,19,1,2,3,12,0,1,5,1,7,0,0,4
1,3,5,1,52,0,0,44,10,1,134,5,0,0,0,24,1,0,42,34,15,19,0,1,7,4,33,6,0,0,0,98,3,51,84,0,0,7,2,8,10,3,13,188,73,3,0,13,2,95,11,0,27,68,0,87,22,1,103,20,6,12,3,18,0,3,4,22,478,0,88,36,3,39,34,1,25,7,5,5,0,0,0,0,4,18,213,5,1,22,135,4,0,0,13,4,1,70,28,2,18,0,10,4,0,0,4,0,40,9,0,0,0,3,46,0,4,68,1,94,14,6,1,0,23,1,1,1,0,7,4,93,0,1,7,4,12,44,0,0,7,0,60,8,3,5,2,2,237,0,0,6,28,26,8,0,17,2,3,0,1,3,1,1,2,1,11
0,0,0,0,0,0,0,0,0,0,0,0,1,0,0,0,0,0,0,0,0,0,0,0,0,0,0,0,0,0,0,0,0,0,0,0,0,0,0,0,0,0,0,0,0,0,0,0,0,0,0,0,0,0,0,0,0,0,0,0,0,0,0,0,0,0,0,0,0,1,0,0,0,0,0,0,0,0,0,0,0,0,0,0,0,0,0,0,0,0,0,0,0,0,0,0,0,0,0,0,0,0,0,0,0,0,0,0,0,0,0,0,0,0,0,0,0,0,0,0,0,0,0,0,0,0,0,0,0,0,1,0,0,0,0,0,0,0,0,0,0,0,0,0,0,0,0,0,0,0,0,0,0,0,0,0,0,0,0,0,0,0,0,0,0,0,0
0,1,2,0,105,0,1,27,4,1,42,1,0,0,0,13,0,0,24,8,6,6,0,1,5,1,12,3,0,0,0,49,2,18,29,2,0,5,1,10,6,0,11,45,76,2,0,10,3,55,10,0,23,26,0,60,15,0,51,10,1,3,3,7,0,5,3,8,88,0,220,31,1,22,20,1,10,8,2,6,0,0,1,1,2,12,80,2,1,10,40,1,0,0,14,2,1,20,18,1,10,0,2,2,0,0,0,0,16,2,0,1,0,2,14,0,2,52,1,98,5,4,0,0,6,0,1,0,0,3,0,44,0,0,5,1,12,13,0,0,5,0,31,9,0,6,3,3,97,0,0,2,12,13,7,0,22,2,1,0,1,3,0,1,0,0,5
0,1,0,0,14,0,0,7,0,0,10,0,0,0,0,4,0,0,7,2,1,2,0,0,0,1,6,1,0,0,0,15,0,6,9,0,0,0,0,2,0,0,2,19,26,0,0,0,1,14,2,0,6,5,0,15,1,0,15,2,0,2,0,1,0,0,0,2,36,0,31,64,1,6,5,0,4,2,0,2,1,0,0,0,1,2,22,1,0,2,8,0,0,0,8,1,0,9,2,0,3,0,0,0,0,0,1,0,7,1,0,0,0,0,2,0,0,13,0,31,2,1,0,0,4,0,0,0,0,1,0,9,0,0,1,0,1,5,0,0,2,0,6,0,0,1,0,0,23,0,1,1,5,5,0,0,8,0,1,0,0,0,0,0,0,0,1
0,0,0,0,1,0,0,1,0,0,2,0,0,0,0,2,1,0,1,0,1,1,0,0,2,0,0,1,0,0,0,4,0,1,1,0,0,0,0,0,1,1,0,4,3,0,0,0,0,4,0,0,3,1,1,3,0,0,3,3,2,1,0,0,0,0,0,0,3,0,1,1,8,0,0,0,0,0,1,0,0,0,0,0,0,0,4,0,0,0,2,0,0,0,0,1,0,2,0,0,0,0,0,1,0,0,0,0,0,0,0,0,0,0,1,0,0,0,0,2,1,1,0,0,0,0,0,1,0,0,0,1,0,0,2,0,0,1,0,0,0,0,1,0,0,1,0,0,3,0,0,2,0,0,0,0,0,0,1,0,0,0,0,0,0,0,0
1,3,0,0,12,5,1,27,57,0,90,22,1,0,0,12,0,0,773,86,5,7,0,1,4,13,1,4,0,0,0,189,20,60,127,1,0,11,12,13,6,2,7,104,20,2,0,10,0,250,52,0,52,137,0,129,40,5,169,45,2,5,3,14,0,20,12,72,39,0,22,6,0,785,768,1,23,6,14,8,6,0,0,0,1,300,430,8,6,64,101,1,0,0,2,1,0,22,79,1,11,0,26,1,0,0,2,0,1,0,0,0,0,4,59,0,1,4,0,14,23,5,0,0,58,0,0,0,0,0,6,55,0,0,6,0,23,99,0,0,4,0,223,23,1,6,3,15,387,0,0,3,47,47,44,0,10,3,4,1,0,1,6,12,1,0,14
1,3,0,0,11,5,1,27,57,0,87,22,1,0,0,12,0,0,768,83,5,7,0,1,4,13,1,4,0,0,0,183,20,58,124,1,0,10,8,12,6,2,7,100,18,2,0,10,0,247,49,0,47,133,0,126,38,4,165,44,1,5,3,13,0,20,11,68,34,0,20,5,0,768,769,1,23,6,14,8,6,0,0,0,1,299,425,9,6,61,99,1,0,0,2,1,0,19,76,1,10,0,23,1,0,0,2,0,1,0,0,0,0,4,55,0,0,4,0,14,23,5,0,0,58,0,0,0,0,0,6,54,0,0,6,0,21,95,0,0,5,0,223,23,0,6,3,15,376,0,0,2,45,45,43,0,10,3,4,1,0,1,6,12,1,0,14
0,0,0,0,1,0,1,1,1,0,1,1,0,0,0,1,0,0,1,2,0,2,0,0,0,0,2,1,0,0,0,4,0,0,2,0,0,1,1,0,1,1,2,1,1,0,0,0,0,3,0,0,0,2,1,1,0,0,3,1,0,2,0,0,0,1,0,1,1,0,1,0,0,1,1,9,1,0,0,1,0,0,0,0,1,1,2,1,1,3,2,0,0,0,0,0,0,0,1,0,1,0,2,1,0,1,1,0,1,0,0,0,1,0,1,0,0,2,0,1,1,1,0,0,0,0,0,0,0,0,1,2,1,0,0,0,0,2,0,0,0,0,2,2,0,1,1,0,6,0,0,1,0,0,2,0,0,1,0,0,0,1,0,0,0,0,0
0,1,0,0,8,0,0,8,9,0,20,5,1,0,0,4,0,0,24,28,2,4,0,0,2,6,9,0,0,0,0,18,4,11,22,1,0,1,4,0,1,1,2,30,7,1,0,2,0,30,1,0,4,32,0,17,6,1,15,4,0,4,1,7,0,6,3,13,25,0,10,4,0,23,23,1,98,0,7,6,2,0,0,0,1,10,54,5,2,10,27,1,0,0,2,0,0,11,8,1,3,0,6,0,0,0,1,0,10,1,0,0,0,0,16,0,0,18,0,9,4,2,0,0,22,0,0,0,0,0,1,17,0,0,0,0,3,25,0,0,3,0,23,4,1,1,2,4,50,0,0,0,9,9,4,0,2,1,1,1,0,2,0,6,0,0,2
0,0,0,0,11,0,0,2,1,2,8,0,0,0,0,12,0,0,8,1,1,0,0,0,0,0,1,0,0,0,0,13,0,1,5,1,0,1,0,1,0,0,0,7,10,0,0,0,0,5,0,0,1,3,0,7,3,0,8,2,0,0,1,0,0,0,1,0,7,0,8,2,0,6,6,0,0,44,0,0,0,0,0,0,0,8,13,1,0,2,6,0,0,0,1,0,0,4,2,0,1,0,1,0,0,0,0,0,1,0,0,0,0,0,4,0,0,4,0,6,2,0,0,0,0,0,0,0,0,0,0,5,0,0,1,0,4,3,0,0,0,0,8,0,0,0,1,0,24,0,0,0,1,1,2,0,4,0,0,0,0,0,2,0,1,0,1
0,1,3,0,2,1,0,3,5,0,10,4,0,0,0,1,1,0,14,8,0,1,0,0,1,2,0,1,0,0,0,16,6,8,12,1,0,0,4,1,0,0,0,16,2,0,0,1,1,13,0,0,1,10,0,5,12,0,9,4,1,0,0,4,0,7,4,7,5,0,2,0,1,14,14,0,7,0,40,4,1,0,0,0,0,8,18,3,0,4,12,0,0,0,0,2,0,6,5,0,2,0,5,0,0,0,0,0,0,0,0,0,0,0,8,0,0,1,0,2,5,0,0,0,9,0,0,0,0,2,0,14,0,0,1,0,6,10,0,0,0,0,15,6,0,0,0,5,22,0,0,1,8,8,9,0,1,0,1,0,0,0,0,3,0,0,0
0,0,0,0,1,0,1,2,6,0,10,1,0,0,0,1,0,0,11,7,1,3,0,0,0,2,1,1,0,0,0,23,5,44,60,4,0,2,4,1,1,1,3,17,5,0,0,0,0,26,2,0,1,12,1,7,6,0,23,2,0,1,0,1,0,5,1,6,5,0,6,2,0,8,8,1,6,0,4,109,2,0,0,0,1,5,42,1,0,3,15,0,0,0,1,0,0,4,8,0,2,0,3,1,0,1,1,0,1,0,0,0,1,0,8,0,1,8,0,4,4,1,0,0,8,0,0,0,0,1,1,13,1,0,1,0,6,13,0,0,2,0,30,6,0,1,3,5,57,0,0,1,13,11,9,0,2,2,1,1,0,1,2,2,0,0,0
0,1,0,0,1,0,1,2,3,0,8,0,1,0,0,2,0,0,6,5,2,2,0,0,0,1,0,0,0,0,0,12,1,7,7,0,0,0,0,0,0,0,0,6,2,0,0,0,0,7,1,0,0,6,0,8,3,1,11,3,0,0,0,2,0,0,1,3,0,0,0,1,0,6,6,0,2,0,1,2,32,0,0,0,0,5,12,0,0,3,6,0,1,0,0,0,0,3,2,0,0,0,1,0,0,0,1,0,0,0,0,0,0,1,2,0,0,3,0,0,2,0,0,0,2,0,0,0,0,0,3,2,0,0,0,0,3,4,0,0,0,0,6,2,0,0,0,0,20,0,0,0,1,1,2,0,0,0,0,0,0,1,0,0,0,0,0
0,1,0,0,0,0,0,1,1,0,3,0,0,0,0,0,0,0,0,0,0,0,0,0,1,0,0,0,0,0,0,2,0,1,0,0,0,0,0,0,0,0,0,0,0,0,0,1,0,1,0,0,2,0,0,2,3,0,2,0,0,0,0,0,0,1,0,0,0,0,0,0,0,0,0,0,0,0,0,0,0,6,0,0,0,0,2,0,0,1,0,1,0,0,0,0,0,4,0,0,0,0,0,0,0,0,0,0,0,0,0,0,0,1,0,0,0,0,0,0,0,0,0,0,0,0,1,0,0,0,0,0,0,0,0,0,2,0,0,0,0,0,0,0,0,0,0,0,3,0,0,0,1,1,0,0,0,0,0,0,0,0,3,0,0,0,0
0,0,0,0,1,0,0,0,0,1,0,0,0,0,0,0,0,0,0,1,0,0,0,0,0,0,0,2,0,0,0,1,0,1,1,0,0,0,0,0,2,0,0,0,2,0,0,0,0,0,0,0,0,0,0,2,0,0,1,0,0,0,0,0,0,0,0,1,0,0,1,0,0,0,0,0,0,0,0,0,0,0,3,0,0,0,1,0,0,3,0,0,0,0,1,0,0,0,0,0,1,0,0,0,0,0,0,0,0,0,0,0,0,0,1,0,0,0,0,1,0,1,0,0,0,0,0,0,0,0,0,0,0,0,1,0,0,0,0,0,0,0,0,0,0,0,0,0,1,0,0,0,0,1,0,0,1,0,1,0,0,0,0,0,0,0,0
0,0,0,0,0,0,0,1,0,0,6,0,0,0,0,0,0,1,0,0,0,0,0,0,1,0,0,1,0,0,0,1,0,1,1,0,0,1,0,0,0,0,0,2,1,1,0,4,0,0,0,0,0,0,0,0,0,0,0,0,0,0,0,1,0,0,0,0,0,0,1,0,0,0,0,0,0,0,0,0,0,0,0,6,0,0,2,0,0,0,2,0,0,0,0,0,0,1,0,0,1,0,0,0,0,0,0,0,0,0,0,0,0,1,0,0,0,1,0,0,0,1,0,0,0,0,0,0,0,0,0,0,0,0,0,0,0,0,0,0,1,0,0,0,0,0,0,0,4,0,0,0,0,0,0,0,0,1,0,0,0,0,0,0,0,0,1
0,0,0,0,1,0,1,15,0,0,3,0,0,0,0,0,0,0,1,4,3,14,0,0,0,0,2,2,0,0,0,5,0,2,5,0,0,0,0,0,3,1,15,6,4,1,0,2,0,16,0,0,2,3,2,1,0,0,7,0,4,2,0,4,0,0,0,1,4,0,2,1,0,1,1,1,1,0,0,1,0,0,0,0,22,0,7,0,0,3,7,0,0,0,1,0,0,1,1,0,1,0,0,1,0,1,1,0,0,0,0,0,1,2,2,0,0,4,0,4,1,3,0,0,0,3,0,0,0,0,1,3,1,0,0,0,0,1,0,0,1,0,2,0,0,2,1,0,9,0,0,8,1,1,0,0,0,2,0,0,2,2,0,1,0,0,2
2,2,1,0,9,0,0,16,28,2,86,17,1,0,0,6,0,0,303,58,3,0,0,0,7,7,2,2,0,0,0,170,13,44,94,2,0,6,10,6,3,2,3,66,16,1,0,6,0,193,21,0,12,115,0,120,29,4,146,55,0,5,2,17,0,12,9,59,18,0,12,2,0,300,299,1,10,8,8,5,5,0,0,0,0,654,421,4,0,49,118,0,1,0,2,1,0,14,45,1,5,0,18,0,0,1,0,0,1,1,0,0,0,4,28,0,0,6,0,11,30,6,0,0,36,0,0,0,0,3,5,29,0,0,4,0,21,93,0,0,1,0,165,11,0,4,2,8,318,0,0,0,28,29,22,1,8,0,2,0,0,2,5,5,1,0,9
6,17,9,2,47,4,2,79,120,3,492,38,5,0,1,48,1,1,444,246,24,46,0,2,45,28,20,11,1,1,0,465,29,182,383,3,0,27,24,21,29,10,30,433,81,5,0,47,1,1123,38,0,66,507,5,398,70,8,526,79,8,41,7,84,0,29,16,172,213,0,80,22,4,430,425,2,54,13,18,42,12,2,1,2,7,421,2741,26,3,186,652,10,1,0,14,8,0,123,135,1,41,0,70,6,0,4,10,0,25,5,0,8,1,19,131,0,7,66,1,70,105,22,3,1,133,2,6,1,0,13,32,127,0,1,12,2,51,487,0,0,16,0,628,30,4,27,17,24,1494,0,0,9,167,165,86,1,22,10,31,2,3,17,13,17,4,1,21
0,1,0,0,2,0,0,3,2,1,17,3,0,0,0,4,0,0,9,3,1,2,0,0,2,3,0,0,1,0,0,19,2,3,7,0,0,0,1,0,3,2,1,11,3,2,0,2,0,15,1,0,2,6,0,10,7,1,16,3,0,3,0,4,0,3,3,3,5,0,2,1,0,8,9,1,5,1,3,1,0,0,0,0,0,4,26,55,1,4,18,0,0,0,0,0,0,4,4,0,1,0,0,0,0,0,0,0,0,0,0,1,0,3,5,0,0,0,0,2,5,3,0,0,2,0,3,0,0,1,6,6,0,0,1,0,1,8,0,0,1,0,8,0,0,2,1,3,22,0,0,0,6,7,4,0,1,0,1,0,0,1,1,1,0,0,0
0,0,0,0,0,2,0,0,3,0,2,2,0,0,0,0,0,0,6,5,0,0,0,0,0,1,0,0,0,0,0,3,0,1,2,0,0,1,2,0,0,0,0,3,0,0,0,0,0,3,0,0,0,5,0,0,3,0,4,0,0,0,0,0,0,1,1,4,1,0,1,0,0,6,6,1,2,0,0,0,0,0,0,0,0,0,3,1,8,5,2,0,0,0,0,0,0,2,4,0,0,0,3,0,0,0,0,0,0,0,0,0,0,0,3,0,0,0,0,0,0,0,0,0,0,0,0,0,0,0,0,0,0,0,0,0,2,3,0,0,0,0,3,0,0,0,0,1,6,0,0,0,1,1,0,0,0,0,0,0,0,0,0,1,0,0,0
2,1,0,0,4,1,4,13,28,2,80,31,1,1,0,8,0,0,68,185,2,12,0,0,3,24,1,8,1,0,0,105,9,28,74,1,0,8,33,3,9,13,6,45,8,2,0,9,0,72,5,0,8,238,3,50,21,2,88,12,2,17,2,16,0,15,5,222,22,0,10,2,0,64,61,3,10,2,4,3,3,1,3,0,3,49,186,4,5,476,99,1,1,0,4,1,0,19,54,0,6,0,87,3,0,15,3,0,1,0,0,0,2,3,42,0,2,13,0,7,17,14,0,0,19,0,6,0,0,1,8,23,1,0,1,1,17,94,0,0,4,0,103,10,0,15,7,10,222,0,0,3,33,32,17,1,4,7,13,1,1,9,6,2,0,0,1
2,8,15,1,20,0,6,51,29,1,344,12,3,0,0,24,1,0,105,87,11,24,0,6,65,13,9,10,0,2,0,247,16,93,192,3,0,16,5,9,10,16,16,244,42,6,0,36,1,235,20,0,27,213,2,193,69,7,206,27,5,39,4,64,0,23,14,69,135,0,40,8,2,101,99,2,27,6,12,15,6,0,0,2,7,118,652,18,2,99,1083,13,1,0,9,18,0,108,43,1,29,0,28,4,0,5,10,0,9,4,2,7,3,7,63,0,6,33,1,38,35,20,1,1,58,1,4,0,0,22,28,37,1,0,9,3,38,168,0,0,10,0,209,14,2,18,16,7,629,0,0,5,90,87,24,0,15,13,18,2,3,12,8,7,1,0,13
0,0,7,0,1,0,1,2,0,0,11,0,0,0,0,1,0,0,1,1,1,0,0,1,10,0,0,1,0,1,0,6,0,2,2,0,0,0,0,0,0,0,0,14,1,0,0,4,0,5,0,0,3,4,0,3,3,0,3,0,0,0,1,4,0,0,0,0,4,0,1,0,0,1,1,0,1,0,0,0,0,1,0,0,0,0,10,0,0,1,13,24,0,0,0,1,0,7,1,0,4,0,0,0,0,1,1,0,0,0,3,0,0,0,1,0,0,1,0,1,2,1,0,1,0,0,0,0,0,1,1,0,0,0,0,0,2,0,0,0,0,0,2,0,0,1,2,0,16,0,0,0,1,1,0,0,1,0,0,0,0,0,0,0,0,0,0
0,0,0,0,0,0,0,0,0,0,1,0,1,0,0,0,0,0,0,0,0,0,0,0,0,0,0,0,0,0,0,1,0,0,1,0,0,0,0,0,0,0,0,0,0,0,0,0,0,0,0,0,0,0,0,0,1,1,1,0,0,0,0,1,0,0,0,0,0,0,0,0,0,0,0,0,0,0,0,0,1,0,0,0,0,1,1,0,0,1,1,0,1,0,0,0,0,0,0,0,0,0,0,0,0,0,0,0,0,0,0,0,0,0,0,0,0,0,0,0,1,0,0,0,0,0,0,0,0,0,1,0,0,0,0,0,1,0,0,0,0,0,0,0,0,0,0,0,1,0,0,0,0,0,1,0,0,0,0,0,0,0,0,0,0,0,0
0,0,0,0,0,0,0,0,0,0,0,0,0,0,0,0,0,0,0,0,0,0,0,0,0,0,0,0,0,0,0,0,0,0,0,0,0,0,0,0,0,0,0,0,0,0,0,0,0,0,0,0,0,0,0,0,0,0,0,0,0,0,0,0,0,0,0,0,0,0,0,0,0,0,0,0,0,0,0,0,0,0,0,0,0,0,0,0,0,0,0,0,0,0,0,0,0,0,0,0,0,0,0,0,0,0,0,0,0,0,0,0,0,0,0,0,0,0,0,0,0,0,0,0,0,0,0,0,0,0,0,0,0,0,0,0,0,0,0,0,0,0,0,0,0,0,0,0,0,0,0,0,0,0,0,0,0,0,0,0,0,0,0,0,0,0,0
0,0,0,0,11,0,0,5,0,1,8,1,0,0,0,1,0,0,4,3,1,2,0,0,0,2,2,2,0,0,0,7,0,5,6,0,0,2,0,1,2,1,3,8,10,1,0,1,0,8,1,0,2,7,0,7,3,0,5,2,0,2,1,4,0,0,0,5,13,0,14,8,0,2,2,0,2,1,0,1,0,0,1,0,1,2,14,0,0,4,9,0,0,0,28,0,0,3,1,1,4,0,1,0,0,1,0,0,3,0,0,0,0,0,5,0,0,11,1,16,1,4,0,0,2,0,0,0,0,0,0,4,0,0,3,1,2,3,0,0,0,0,5,1,0,1,1,0,13,0,0,1,2,3,1,0,6,1,2,0,0,1,1,1,0,0,2
1,0,2,0,2,0,0,2,0,0,8,0,0,0,0,2,1,0,1,0,0,1,0,0,3,0,0,0,0,0,0,6,2,2,1,0,0,0,0,0,0,1,0,7,1,0,0,1,0,4,1,0,2,3,0,4,0,0,1,2,1,2,0,3,0,0,0,0,4,0,2,1,1,1,1,0,0,0,2,0,0,0,0,0,0,1,8,0,0,1,18,1,0,0,0,19,0,7,2,0,1,0,0,0,0,0,0,0,0,0,1,0,3,0,1,0,0,2,0,1,2,0,0,0,1,0,0,0,0,11,0,2,0,0,1,0,0,4,0,0,0,0,0,0,0,0,1,0,11,0,0,1,0,0,1,0,0,7,1,0,0,0,0,0,0,0,1
0,0,0,0,0,0,0,2,0,0,0,0,0,0,0,0,0,0,0,0,0,0,0,0,0,0,0,0,0,0,0,0,0,0,0,0,0,1,0,0,0,0,0,0,1,2,0,0,0,0,0,0,0,0,0,0,0,0,1,0,0,0,0,0,0,0,0,0,1,0,1,0,0,0,0,0,0,0,0,0,0,0,0,0,0,0,0,0,0,0,0,0,0,0,0,0,4,0,0,0,0,0,0,0,0,0,0,0,0,0,0,0,0,0,0,0,0,1,0,0,0,0,0,0,0,0,0,0,0,0,1,0,0,0,0,0,0,0,0,0,0,0,0,0,0,0,0,0,2,0,0,0,0,0,0,0,1,0,0,0,0,0,0,0,0,0,0
2,1,5,0,9,1,2,18,6,2,135,4,1,0,1,11,1,1,24,17,12,10,0,0,9,4,4,3,0,0,0,67,1,22,32,1,0,4,1,6,3,2,5,105,21,3,0,26,1,55,6,0,14,49,1,56,49,2,48,15,4,9,3,13,0,7,4,11,70,0,20,9,2,22,19,0,11,4,6,4,3,4,0,1,1,14,123,4,2,19,108,7,0,0,3,7,0,239,11,1,27,0,3,0,0,1,4,0,4,0,0,0,0,1,26,0,3,10,0,21,14,3,0,1,11,0,4,1,0,8,6,14,0,0,4,0,34,35,0,0,1,0,28,2,0,1,4,0,116,0,0,3,15,13,4,0,4,3,4,0,0,0,5,1,0,0,5
0,2,0,0,13,3,0,11,21,0,52,13,2,0,0,6,0,0,78,66,4,3,0,0,1,8,1,2,0,0,0,109,12,41,51,1,0,4,15,9,2,1,2,46,23,0,0,5,0,78,14,0,15,84,0,69,19,1,98,19,0,1,2,6,0,11,6,68,28,0,18,2,0,79,76,1,8,2,5,8,2,0,0,0,1,45,135,4,4,54,43,1,0,0,1,2,0,11,349,0,5,0,41,0,0,1,0,0,1,0,0,0,0,1,20,0,0,9,0,13,13,0,0,0,23,1,0,0,0,1,3,49,0,0,2,0,16,40,0,0,1,0,58,4,0,1,1,7,176,0,0,1,26,26,32,0,4,0,4,1,0,1,4,5,0,0,2
0,0,0,0,1,0,0,1,0,0,1,0,0,0,0,0,0,0,1,1,0,0,0,0,0,0,0,0,0,0,0,1,0,1,1,0,0,1,0,0,1,0,1,1,0,1,0,1,0,1,0,0,0,1,0,1,1,0,0,1,0,0,0,1,0,0,0,0,2,0,1,0,0,1,1,0,1,0,0,0,0,0,0,0,0,1,1,0,0,0,1,0,0,0,1,0,0,1,0,2,1,0,0,0,0,0,0,0,0,0,0,0,0,0,0,0,0,0,0,1,0,0,0,0,1,0,0,0,0,0,0,0,0,0,0,0,1,0,0,0,0,0,2,1,0,0,1,0,2,0,0,0,0,0,0,0,1,0,0,0,0,0,0,1,0,0,1
0,0,0,1,6,0,3,9,1,1,54,0,1,0,1,4,0,3,13,4,2,4,0,0,4,1,3,10,0,0,0,29,2,9,21,0,0,4,0,2,6,2,7,34,12,1,1,31,0,23,3,0,6,13,3,13,13,0,17,3,1,8,3,2,0,5,3,5,18,0,10,3,0,11,10,1,3,1,2,2,0,0,1,1,1,5,41,1,0,6,29,4,0,0,4,1,0,27,5,1,94,0,2,2,0,2,10,0,1,0,0,0,2,1,12,0,1,3,0,10,3,8,0,0,3,0,2,0,0,0,5,5,1,2,2,0,6,12,0,0,2,0,13,1,0,4,3,0,54,0,0,2,7,8,6,0,6,1,1,0,0,2,0,1,0,0,3
0,0,0,0,0,0,0,0,0,0,0,0,0,0,0,0,0,0,0,0,0,0,0,0,0,0,0,0,0,0,0,0,0,0,0,0,0,0,0,0,0,0,0,0,0,0,0,0,0,0,0,0,0,0,0,0,0,0,0,0,0,0,0,0,0,0,0,0,0,0,0,0,0,0,0,0,0,0,0,0,0,0,0,0,0,0,0,0,0,0,0,0,0,0,0,0,0,0,0,0,0,0,0,0,0,0,0,0,0,0,0,0,0,0,0,0,0,0,0,0,0,0,0,0,0,0,0,0,0,0,0,0,0,0,0,0,0,0,0,0,0,0,0,0,0,0,0,0,0,0,0,0,0,0,0,0,0,0,0,0,0,0,0,0,0,0,0
0,2,0,0,1,1,0,0,10,0,27,27,0,0,0,4,0,0,25,104,0,0,0,0,0,7,0,0,0,0,0,52,1,12,20,1,0,5,33,0,0,2,0,24,2,0,0,2,0,35,0,0,0,171,0,15,3,0,31,11,1,4,0,3,0,4,2,99,10,0,2,0,0,26,23,2,6,1,5,3,1,0,0,0,0,18,70,0,3,87,28,0,0,0,1,0,0,3,41,0,2,0,223,0,0,2,0,0,0,0,0,0,0,0,14,0,0,4,0,2,2,1,0,0,8,0,0,0,0,1,1,12,0,0,0,0,3,27,0,0,0,0,48,4,0,3,1,2,108,0,0,0,14,14,9,0,1,1,3,0,0,0,1,6,0,0,0
0,0,0,0,0,0,1,3,0,0,3,0,0,0,0,1,0,0,1,0,0,3,0,0,0,0,1,3,0,0,0,3,0,0,2,0,0,0,0,1,3,4,1,2,0,0,0,1,0,3,2,0,1,0,3,4,0,0,2,0,0,4,0,0,0,0,1,1,4,0,2,0,1,1,1,1,0,0,0,1,0,0,0,0,1,0,6,0,0,3,4,0,0,0,0,0,0,0,0,0,2,0,0,12,0,2,1,0,0,0,0,0,2,0,2,0,0,1,0,0,0,4,0,0,0,0,0,0,0,0,0,1,1,0,0,0,0,0,0,0,3,0,0,0,0,3,2,0,5,0,0,1,0,0,1,0,0,1,0,0,1,4,0,0,0,1,1
0,0,0,0,0,0,0,0,0,0,0,0,0,0,0,0,0,0,0,0,0,0,0,0,0,0,0,0,0,0,0,0,0,0,0,0,0,0,0,0,0,0,0,0,0,0,0,0,0,0,0,0,0,0,0,0,0,0,0,0,0,0,0,0,0,0,0,0,0,0,0,0,0,0,0,0,0,0,0,0,0,0,0,0,0,0,0,0,0,0,0,0,0,0,0,0,0,0,0,0,0,0,0,0,0,0,0,0,0,0,0,0,0,0,0,0,0,0,0,0,0,0,0,0,0,0,0,0,0,0,0,0,0,0,0,0,0,0,0,0,0,0,0,0,0,0,0,0,0,0,0,0,0,0,0,0,0,0,0,0,0,0,0,0,0,0,0
0,0,0,0,0,0,1,1,0,1,5,2,0,0,0,1,0,0,0,6,0,1,0,0,0,0,1,1,0,0,0,3,0,0,3,0,0,1,0,0,2,5,1,3,0,0,0,1,0,2,0,0,0,6,2,2,2,0,4,1,0,4,0,0,0,0,0,10,0,0,0,0,0,0,0,1,0,0,0,1,0,0,0,0,1,1,4,0,0,15,5,1,0,0,1,0,0,1,1,0,2,0,2,2,0,15,1,0,0,0,0,0,2,0,2,0,0,1,0,0,0,4,0,0,0,0,0,0,0,0,0,0,1,0,0,0,1,4,0,0,1,0,0,0,0,4,2,0,6,0,0,1,0,0,0,0,0,3,1,0,1,2,0,0,0,0,0
0,0,1,0,0,0,7,3,0,0,18,0,3,0,1,2,0,1,2,1,1,2,0,0,4,1,3,2,0,0,0,19,1,1,6,0,0,0,0,0,2,1,1,10,2,0,0,9,0,3,0,0,0,3,1,3,5,1,4,0,0,1,0,2,0,3,1,1,4,0,0,1,0,2,2,1,1,0,0,1,1,0,0,0,1,0,10,0,0,3,10,1,0,0,0,0,0,4,0,0,10,0,0,1,0,1,28,0,2,0,0,0,1,0,8,0,0,3,0,0,0,1,1,0,1,0,0,0,0,0,9,2,1,0,0,1,2,1,0,0,1,0,1,0,0,1,1,0,15,0,0,2,7,7,0,0,2,1,0,0,0,1,0,0,0,0,0
0,0,0,0,0,0,0,0,0,0,0,0,0,0,0,0,0,0,0,0,0,0,0,0,0,0,0,0,0,0,0,0,0,1,1,0,0,0,0,0,0,0,0,0,0,0,0,0,0,0,0,0,0,0,0,0,0,0,1,0,0,0,0,0,0,0,0,0,0,0,0,0,0,0,0,0,0,0,0,0,0,0,0,0,0,0,0,0,0,0,0,0,0,0,0,0,0,0,0,0,0,0,0,0,0,0,0,1,0,0,0,0,0,0,0,0,0,0,0,0,0,0,0,0,0,0,0,0,0,0,0,0,0,0,0,0,0,0,0,0,0,0,0,0,0,0,0,0,0,0,0,0,0,0,0,0,0,0,0,0,0,0,0,0,0,0,0
0,0,0,0,11,0,0,5,0,0,13,0,0,0,0,3,0,0,2,1,3,5,0,0,0,2,32,0,0,0,0,13,0,6,6,0,0,0,0,1,1,0,1,17,15,0,0,2,0,15,0,0,2,5,0,9,0,0,9,3,0,2,0,4,0,1,0,2,40,0,16,7,0,1,1,1,10,1,0,1,0,0,0,0,0,1,25,0,0,1,9,0,0,0,3,0,0,4,1,0,1,0,0,0,0,0,2,0,57,4,0,0,0,0,2,0,3,22,0,17,0,0,1,0,2,0,0,0,0,0,0,13,0,0,0,1,0,5,0,0,2,0,5,1,1,1,0,0,29,0,0,1,3,3,2,0,5,0,1,0,0,0,0,0,0,0,1
0,0,0,0,0,0,0,1,0,0,4,0,0,0,0,0,0,0,0,1,1,0,0,0,0,0,2,1,0,0,0,3,0,0,2,0,0,0,0,0,0,0,0,0,3,0,0,0,0,2,0,0,1,0,0,0,0,0,1,0,0,2,0,0,0,0,0,0,9,0,2,1,0,0,0,0,1,0,0,0,0,0,0,0,0,1,5,0,0,0,4,0,0,0,0,0,0,0,0,0,0,0,0,0,0,0,0,0,4,12,0,0,0,0,3,0,1,3,0,5,0,1,0,0,1,0,0,0,0,0,0,4,0,0,1,0,0,1,0,0,1,0,0,0,0,0,0,0,4,0,0,0,0,0,0,0,2,0,0,0,1,1,0,0,0,0,2
0,0,1,0,0,0,0,0,0,0,0,0,0,0,0,0,0,0,0,0,0,0,0,0,1,0,0,0,0,0,0,1,0,1,0,0,0,0,0,0,0,0,0,1,0,0,0,0,0,0,0,0,0,0,0,0,0,0,0,0,0,0,0,0,0,0,0,0,0,0,0,0,0,0,0,0,0,0,0,0,0,0,0,0,0,0,0,0,0,0,2,3,0,0,0,1,0,0,0,0,0,0,0,0,0,0,0,0,0,0,4,0,0,0,0,0,0,0,0,0,0,0,0,0,0,0,0,0,0,1,0,0,0,0,0,0,0,0,0,0,0,0,0,0,0,0,0,0,1,0,0,0,0,0,0,0,0,0,0,0,0,0,0,0,0,0,0
0,0,0,0,0,0,0,1,0,0,2,0,0,0,0,0,0,0,0,0,0,0,0,0,1,0,0,0,0,0,0,1,0,0,1,0,0,0,0,0,1,0,1,0,0,1,0,0,0,0,0,0,0,2,0,1,0,0,3,0,0,1,0,0,0,0,0,0,0,0,1,0,0,0,0,0,0,0,0,0,0,0,0,0,0,0,8,1,0,0,7,0,0,0,0,0,0,0,0,0,0,0,0,0,0,0,0,0,0,0,0,13,0,0,0,0,0,0,0,0,1,0,0,0,0,0,0,0,0,0,2,0,0,0,0,0,0,1,0,0,0,0,0,0,0,0,0,0,10,0,0,0,0,0,0,0,0,0,0,0,0,0,0,0,0,0,0
0,0,0,0,0,0,1,1,0,0,1,0,0,0,0,1,0,0,0,0,0,1,0,0,0,0,1,1,0,0,0,1,0,0,1,0,0,0,0,0,2,2,1,1,0,0,0,1,0,2,0,0,0,0,2,0,0,0,0,0,0,2,0,0,0,0,0,0,0,0,0,0,0,0,0,1,0,0,0,1,0,0,0,0,1,0,1,0,0,2,3,0,0,0,0,3,0,0,0,0,2,0,0,2,0,2,1,0,0,0,0,0,5,0,1,0,0,1,0,0,0,2,0,0,0,0,0,0,0,2,0,0,1,0,0,0,0,0,0,0,1,0,0,0,0,2,2,0,3,0,0,1,0,0,0,0,0,4,0,0,0,2,0,0,0,0,0
0,0,0,3,0,0,1,4,2,0,9,0,0,0,0,1,0,0,4,2,0,3,0,0,1,0,0,0,0,0,0,15,0,2,3,0,0,1,0,1,3,0,5,7,1,0,0,2,0,8,2,0,5,4,0,6,2,0,9,0,1,2,1,5,0,2,2,0,3,0,2,0,0,4,4,0,0,0,0,0,1,1,0,1,2,4,19,3,0,3,7,0,0,0,0,0,0,1,1,0,1,0,0,0,0,0,0,0,0,0,0,0,0,32,1,0,0,0,0,1,4,2,0,0,0,0,2,0,0,1,2,0,0,1,0,0,2,4,0,0,0,0,6,0,0,2,1,0,19,0,0,1,3,4,1,0,0,1,2,0,0,0,2,0,0,0,0
2,1,1,0,6,2,2,9,15,2,65,47,0,0,0,6,0,1,60,41,3,7,0,0,3,28,5,10,0,0,0,105,7,40,68,2,0,3,5,3,5,5,3,87,19,0,0,6,0,65,8,0,12,91,2,49,29,1,72,10,2,4,1,11,0,10,6,26,46,0,14,2,1,59,55,1,16,4,8,8,2,0,1,0,2,28,131,5,3,42,63,1,0,0,5,1,0,26,20,0,12,0,14,2,0,2,8,0,2,3,0,0,1,1,328,0,0,11,0,9,13,7,1,1,13,0,1,0,0,0,6,28,1,0,5,2,14,48,0,0,1,0,79,13,1,4,1,8,164,0,0,4,23,24,18,0,6,2,6,0,1,2,0,6,0,0,4
0,0,0,0,0,0,0,0,0,0,0,0,0,0,0,0,0,0,0,0,0,0,0,0,0,0,0,0,0,0,0,0,0,0,0,0,0,0,0,0,0,0,0,0,0,0,0,0,0,0,0,0,0,0,0,0,0,0,0,0,0,0,0,0,0,0,0,0,0,0,0,0,0,0,0,0,0,0,0,0,0,0,0,0,0,0,0,0,0,0,0,0,0,0,0,0,0,0,0,0,0,0,0,0,0,0,0,0,0,0,0,0,0,0,0,0,0,0,0,0,0,0,0,0,0,0,0,0,0,0,0,0,0,0,0,0,0,0,0,0,0,0,0,0,0,0,0,0,0,0,0,0,0,0,0,0,0,0,0,0,0,0,0,0,0,0,0
0,0,0,0,1,0,0,5,0,0,7,0,0,1,0,1,0,0,1,2,1,4,0,0,0,0,1,0,0,0,0,0,0,1,3,0,0,0,1,1,2,0,1,3,1,0,0,2,0,8,1,0,4,4,1,3,0,0,2,0,0,6,1,2,0,0,0,1,4,0,2,0,0,1,0,0,0,0,0,1,0,0,0,0,0,0,7,0,0,2,6,0,0,0,0,0,0,3,0,0,1,0,0,0,0,0,0,0,3,1,0,0,0,0,0,0,21,1,1,2,1,0,0,0,0,0,0,0,0,0,1,1,0,0,0,0,0,2,0,0,6,0,1,0,1,3,0,0,12,0,0,0,0,0,2,0,2,2,0,0,4,2,0,0,0,2,2
1,1,2,0,32,0,1,17,3,0,37,0,0,0,0,11,0,0,5,10,8,17,0,1,4,1,16,3,0,1,0,31,2,10,22,2,0,2,0,1,2,3,5,43,37,1,0,5,1,29,2,0,10,22,1,23,3,0,23,8,1,3,1,10,0,2,1,10,68,0,52,13,0,4,4,2,18,4,1,8,3,0,0,1,4,6,66,0,0,13,33,1,0,0,11,2,1,10,9,0,3,0,4,1,0,1,3,0,22,3,0,0,1,0,11,0,1,171,1,56,3,3,1,0,5,1,0,0,0,2,4,32,1,0,2,1,3,9,0,0,3,0,38,6,0,4,3,1,72,0,0,3,8,8,5,1,14,1,2,1,0,5,1,1,0,0,4
0,0,0,0,1,0,0,1,0,0,3,0,0,0,0,0,0,0,0,0,0,1,0,0,0,0,0,0,0,0,0,0,0,0,1,0,0,0,0,1,0,0,0,2,0,0,0,0,0,1,0,0,2,1,0,0,0,0,3,0,0,0,1,7,0,0,0,0,1,0,1,0,0,0,0,0,0,0,0,0,0,0,0,0,0,0,1,0,0,0,1,0,0,0,1,0,0,0,0,0,0,0,0,0,0,0,0,0,0,0,0,0,0,0,0,0,1,1,7,1,0,0,0,0,0,0,0,1,0,1,0,0,0,1,0,0,0,1,0,0,1,0,0,0,0,0,0,0,4,0,0,0,0,0,0,0,0,1,0,0,0,0,0,0,0,0,1
0,1,1,0,81,0,0,35,8,1,43,1,0,0,0,11,1,0,17,8,5,11,0,0,1,1,15,2,0,0,0,39,1,18,22,1,0,6,0,6,4,0,12,51,57,3,0,8,2,47,7,0,18,16,0,37,8,0,40,9,3,4,4,8,0,3,2,7,94,0,98,31,2,14,14,1,9,6,2,4,0,0,1,0,4,11,70,2,0,7,38,1,0,0,16,1,0,21,13,1,10,0,2,0,0,0,0,0,17,5,0,0,0,1,9,0,2,56,1,205,4,4,0,0,8,0,0,0,0,2,2,43,0,1,6,1,3,15,0,0,4,0,25,8,1,2,2,2,85,0,0,4,9,10,4,0,26,0,1,0,1,1,1,2,0,0,7
1,1,3,0,2,0,1,3,3,1,48,0,1,0,0,3,0,0,25,10,3,2,0,0,5,2,1,1,0,0,0,40,6,26,28,1,0,0,0,1,2,0,1,43,2,0,1,6,0,39,2,0,1,30,0,21,12,3,43,21,1,2,0,10,0,3,1,10,14,0,5,2,1,23,23,1,4,2,5,4,2,0,0,0,1,30,105,5,0,17,35,2,1,0,1,2,0,14,13,0,3,0,2,0,0,0,0,0,0,0,0,1,0,4,13,0,1,3,0,4,244,1,2,1,8,0,3,1,0,1,10,7,0,0,2,0,7,31,0,0,0,0,46,3,0,1,3,2,102,0,0,2,11,9,11,0,0,1,4,0,0,0,3,1,0,0,1
1,0,0,0,3,0,1,9,1,1,13,1,0,1,0,2,0,1,5,5,0,7,0,0,1,0,1,8,0,0,0,13,0,4,9,0,0,2,0,2,4,13,3,9,6,0,0,6,0,12,1,0,2,8,4,8,4,0,10,1,0,25,2,2,0,1,1,8,6,0,4,1,1,5,5,1,2,0,0,1,0,0,1,1,3,6,22,3,0,14,20,1,0,0,4,0,0,3,0,0,8,0,1,4,0,4,1,0,0,1,0,0,2,2,7,0,0,3,0,4,1,46,0,0,1,0,0,0,0,0,0,2,1,0,2,1,2,4,0,0,3,0,9,1,0,20,2,0,16,0,0,2,3,4,2,1,3,4,2,0,2,11,2,1,0,0,2
0,0,0,0,0,0,0,2,0,0,3,0,0,0,0,1,0,0,0,0,2,1,0,0,0,0,1,0,0,0,0,2,0,0,1,0,0,0,0,0,2,0,0,1,1,0,0,0,0,2,0,0,0,0,0,2,1,0,1,1,0,0,0,1,0,0,1,0,1,0,0,0,0,0,0,0,0,0,0,0,0,0,0,0,0,0,3,0,0,0,1,0,0,0,0,0,0,0,0,0,0,0,0,0,0,0,1,0,1,0,0,0,0,0,1,0,0,1,0,0,2,0,4,0,1,0,0,0,0,0,0,2,0,0,0,0,1,0,0,0,0,0,1,0,0,0,0,0,3,0,0,1,2,2,0,0,1,0,0,0,0,0,0,0,0,0,0
0,0,1,0,0,0,0,0,0,0,1,0,0,0,0,0,0,0,0,0,0,0,0,0,1,0,0,0,0,0,0,1,0,0,0,0,0,0,0,0,0,0,0,1,0,0,0,0,0,1,0,0,0,0,0,0,0,0,0,0,0,0,0,0,0,0,0,0,0,0,0,0,0,0,0,0,0,0,0,0,0,0,0,0,0,0,1,0,0,0,1,1,0,0,0,0,0,1,0,0,0,0,0,0,0,0,0,0,0,0,0,0,0,0,1,0,0,0,0,0,1,0,0,1,0,0,0,0,0,0,0,0,0,0,0,0,0,0,0,0,0,0,1,0,0,0,0,0,1,0,0,0,0,0,0,0,0,0,0,0,0,0,0,0,0,0,0
0,1,1,0,5,1,0,8,18,0,37,8,1,0,0,5,0,0,60,50,6,6,0,0,4,5,1,1,0,0,0,49,8,21,48,1,0,5,6,1,2,2,3,42,8,1,0,4,1,56,4,0,1,60,0,25,9,0,36,7,0,3,0,8,0,7,7,26,23,0,6,4,0,58,58,0,22,0,9,8,2,0,0,0,0,36,133,2,0,19,58,0,0,0,2,1,0,11,23,1,3,0,8,0,0,0,1,0,2,1,0,0,0,0,13,0,0,5,0,8,8,1,1,0,246,0,1,0,0,1,1,30,0,0,0,0,6,59,0,0,0,0,61,6,1,1,2,6,114,0,0,1,17,17,11,0,5,0,4,1,0,0,2,5,0,0,1
0,0,0,0,0,0,0,5,0,0,0,0,1,0,0,1,0,0,0,0,1,3,0,0,0,0,0,0,0,0,0,2,0,2,2,0,0,0,0,0,0,1,6,0,1,0,0,0,0,4,0,0,2,0,0,0,0,0,2,0,1,1,1,1,0,0,0,0,1,0,0,0,0,0,0,0,0,0,0,0,0,0,0,0,3,0,2,0,0,0,1,0,0,0,0,0,0,0,1,0,0,0,0,0,0,0,0,0,0,0,0,0,0,0,0,0,0,1,0,0,0,0,0,0,0,9,0,0,0,0,0,0,0,0,0,0,0,0,0,0,0,0,1,0,0,0,0,0,4,0,0,1,0,0,0,0,0,0,0,0,0,0,0,0,0,0,0
0,1,0,0,0,0,1,0,0,0,10,0,0,0,0,1,0,0,0,2,0,0,0,0,0,1,0,0,0,0,0,2,0,1,2,0,0,0,0,0,1,0,0,1,0,0,0,3,0,2,0,0,0,3,0,1,2,0,2,0,0,0,0,0,0,1,0,3,1,0,1,0,0,0,0,0,0,0,0,0,0,1,0,0,0,0,6,3,0,6,4,0,0,0,0,0,0,4,0,0,2,0,0,0,0,0,0,0,0,0,0,0,0,2,1,0,0,0,0,0,3,0,0,0,1,0,18,0,0,0,1,1,0,0,0,0,1,2,0,0,0,0,1,0,0,0,1,0,9,0,0,0,0,0,0,0,0,0,5,0,0,0,1,0,0,0,0
0,0,0,0,0,0,0,1,0,0,2,0,0,0,0,1,0,0,0,0,1,0,0,0,0,0,0,0,0,0,0,0,0,0,0,0,0,0,0,0,1,0,0,1,0,0,0,0,0,2,0,0,1,1,0,0,0,0,2,1,1,0,1,1,0,0,0,0,1,0,0,0,1,0,0,0,0,0,0,0,0,0,0,0,0,0,1,0,0,0,0,0,0,0,0,0,0,1,0,0,0,0,0,0,0,0,0,0,0,0,0,0,0,0,0,0,0,0,1,0,1,0,0,0,0,0,0,4,0,0,0,0,0,1,1,0,0,0,0,0,0,0,0,0,0,0,0,0,1,0,0,1,0,0,0,0,0,0,0,0,0,0,0,0,0,0,0
0,0,0,0,0,0,0,0,0,0,0,0,0,0,0,0,0,0,0,0,0,0,0,0,0,0,0,0,0,0,0,0,0,0,0,0,0,0,0,0,0,0,0,0,0,0,0,0,0,0,0,0,0,0,0,0,0,0,0,0,0,0,0,0,0,0,0,0,0,0,0,0,0,0,0,0,0,0,0,0,0,0,0,0,0,0,0,0,0,0,0,0,0,0,0,0,0,0,0,0,0,0,0,0,0,0,0,0,0,0,0,0,0,0,0,0,0,0,0,0,0,0,0,0,0,0,0,0,0,0,0,0,0,0,0,0,0,0,0,0,0,0,0,0,0,0,0,0,0,0,0,0,0,0,0,0,0,0,0,0,0,0,0,0,0,0,0
0,0,3,0,2,0,0,2,0,0,13,0,0,0,0,0,0,0,0,0,0,1,0,0,2,0,0,1,0,0,0,8,1,3,4,0,0,0,0,1,0,0,0,11,2,0,0,0,1,4,1,0,3,5,0,9,0,0,2,2,0,1,0,6,0,0,1,0,7,0,3,1,0,0,0,0,0,0,2,1,0,0,0,0,0,3,13,1,0,1,22,1,0,0,0,11,0,8,1,0,0,0,1,0,0,0,0,0,0,0,1,0,2,1,0,0,0,2,1,2,1,0,0,0,1,0,0,0,0,31,1,2,0,0,0,0,0,5,0,0,0,0,3,0,0,0,1,0,12,0,0,0,0,0,0,0,1,4,1,0,0,0,2,0,0,0,1
0,1,1,1,0,0,4,8,2,0,34,1,11,0,0,1,0,1,6,3,0,2,0,0,3,1,0,1,0,0,0,34,0,10,12,1,0,1,0,0,0,1,5,13,6,2,1,9,0,11,0,0,6,11,0,18,6,10,15,0,0,2,1,6,0,6,1,5,4,1,0,0,0,6,6,1,1,0,0,1,3,0,0,0,1,5,32,6,0,8,28,1,1,0,0,0,1,6,3,0,5,0,1,0,0,0,9,0,0,0,0,2,0,2,6,0,1,4,0,2,10,0,0,0,1,0,1,0,0,1,91,3,0,0,2,0,6,6,0,0,1,0,14,2,0,1,4,0,47,0,0,2,11,11,3,0,1,0,2,0,1,0,0,0,1,0,2
2,1,2,0,25,1,0,16,18,1,47,10,0,0,0,11,1,0,56,28,7,8,0,0,3,3,15,2,0,0,0,86,14,35,69,3,0,2,6,1,2,0,4,57,74,1,0,3,0,84,5,0,14,47,2,42,15,0,67,12,3,1,2,6,0,11,6,20,93,0,44,9,1,55,54,2,17,5,14,13,2,0,0,0,3,29,127,6,0,23,37,0,0,0,4,2,0,14,49,0,5,0,12,1,0,0,2,0,13,4,0,0,0,0,28,0,1,32,0,43,7,2,2,0,30,0,1,0,0,2,3,356,0,0,2,1,11,34,0,0,2,0,64,14,1,2,1,12,139,0,0,5,32,31,27,0,17,1,2,1,0,3,1,11,0,0,3
0,0,0,0,0,0,1,1,0,0,1,0,0,0,0,0,0,0,0,0,0,1,0,0,0,0,1,1,0,0,0,1,0,0,1,0,0,0,0,0,1,1,1,1,0,0,0,0,0,1,0,0,0,0,1,0,0,0,0,0,0,1,0,0,0,0,0,0,0,0,0,0,0,0,0,1,0,0,0,1,0,0,0,0,1,0,0,0,0,1,1,0,0,0,0,0,0,0,0,0,1,0,0,1,0,1,1,0,0,0,0,0,1,0,1,0,0,1,0,0,0,1,0,0,0,0,0,0,0,0,0,0,1,0,0,0,0,0,0,0,0,0,0,0,0,1,1,0,1,0,0,1,0,0,0,0,0,1,0,0,0,1,0,0,0,0,0
0,0,0,1,0,0,0,3,0,0,2,0,0,0,0,0,0,0,0,0,0,0,0,0,0,0,0,0,0,0,0,0,0,1,1,0,0,1,0,0,1,0,1,1,0,1,0,0,0,2,0,0,1,0,0,0,0,0,3,0,0,1,4,3,0,0,0,0,1,0,0,0,0,0,0,0,0,0,0,0,0,0,0,0,0,0,1,0,0,0,0,0,0,0,0,0,0,0,0,0,2,0,0,0,0,0,0,0,0,0,0,0,0,1,0,0,0,0,1,1,0,0,0,0,0,0,0,1,0,0,0,0,0,6,0,0,0,0,0,0,0,0,1,0,0,0,0,0,4,0,0,0,0,0,0,0,0,0,0,0,0,0,0,0,0,0,1
0,1,0,0,4,0,0,5,1,1,9,0,1,0,0,3,1,0,8,2,2,0,0,0,1,1,0,2,0,0,0,7,0,5,3,0,0,1,0,1,3,0,1,8,10,0,0,1,0,11,2,0,7,3,0,12,2,1,5,3,2,0,2,1,0,0,0,1,7,0,5,1,2,6,6,0,0,1,1,1,0,0,1,0,0,4,12,1,0,1,9,0,0,0,3,1,0,4,2,0,2,0,0,0,0,0,0,0,0,1,0,0,0,0,5,0,0,2,0,6,2,2,0,0,0,0,0,1,0,0,2,2,0,0,28,0,1,5,0,0,0,0,2,0,0,0,1,0,10,0,0,3,0,1,1,0,5,0,1,0,0,0,0,0,0,0,2
0,0,0,0,1,0,0,1,0,0,3,0,0,0,0,0,0,0,0,0,0,2,0,0,0,0,0,0,0,0,0,4,0,1,0,0,0,0,0,0,0,0,0,1,1,0,0,0,0,2,0,0,0,0,0,1,0,0,2,1,0,1,0,0,0,0,0,0,4,0,1,0,0,0,0,0,0,0,0,0,0,0,0,0,0,0,2,0,0,1,3,0,0,0,1,0,0,0,0,0,0,0,0,0,0,0,1,0,1,0,0,0,0,0,2,0,0,1,0,1,0,1,0,0,0,0,0,0,0,0,0,1,0,0,0,6,0,0,0,0,0,0,1,0,0,0,0,0,4,0,0,0,1,1,1,0,0,0,0,0,0,1,1,0,0,0,0
0,0,2,0,7,1,2,6,9,0,59,2,1,0,0,2,0,0,22,14,0,0,0,0,3,2,0,1,0,0,0,57,3,10,20,4,0,3,3,9,1,2,3,34,10,1,0,11,0,29,5,0,9,21,0,38,103,1,35,5,1,2,0,6,0,27,11,14,12,0,12,1,0,23,21,0,3,4,6,6,3,2,0,0,0,21,51,1,2,17,38,2,1,0,2,0,0,34,16,1,6,0,3,0,0,1,2,0,0,0,0,0,0,2,14,0,0,3,0,3,7,2,1,0,6,0,1,0,0,0,6,11,0,0,1,0,136,9,0,0,0,0,21,10,0,3,4,4,71,0,0,0,18,17,11,0,3,1,0,1,0,0,5,3,0,0,3
1,4,0,0,9,2,1,16,98,1,142,23,1,0,0,12,1,0,102,94,7,12,0,0,7,25,2,3,0,0,0,143,6,52,116,0,0,18,12,3,8,3,6,105,25,1,0,7,0,217,9,0,9,219,0,82,16,0,118,22,1,10,1,21,0,11,6,94,44,0,13,5,1,99,95,2,25,3,10,13,4,0,0,0,1,93,487,8,3,94,168,0,0,0,3,4,0,35,40,0,12,0,27,0,0,4,1,0,5,1,0,1,0,4,48,0,2,9,1,15,31,4,0,0,59,0,2,0,0,5,6,34,0,0,5,0,9,994,0,1,2,0,143,6,1,6,1,7,446,0,0,2,55,54,12,2,4,1,19,0,1,5,2,6,0,0,3
0,0,0,0,0,0,0,0,0,0,0,0,0,0,0,0,0,0,0,0,0,0,0,0,0,0,0,0,0,0,0,0,0,0,0,0,0,0,0,0,0,0,0,0,0,0,0,0,0,0,0,0,0,0,0,0,0,0,0,0,0,0,0,0,0,0,0,0,0,0,0,0,0,0,0,0,0,0,0,0,0,0,0,0,0,0,0,0,0,0,0,0,0,0,0,0,0,0,0,0,0,0,0,0,0,0,0,0,0,0,0,0,0,0,0,0,0,0,0,0,0,0,0,0,0,0,0,0,0,0,0,0,0,0,0,0,0,0,0,0,0,0,0,0,0,0,0,0,0,0,0,0,0,0,0,0,0,0,0,0,0,0,0,0,0,0,0
0,0,0,0,0,0,0,0,1,0,0,0,0,0,0,0,0,0,1,0,0,0,0,0,0,0,0,0,0,0,0,1,0,0,0,0,0,0,0,0,0,0,0,0,0,0,0,0,0,0,0,0,0,0,0,0,0,0,0,0,0,0,0,0,0,0,0,0,0,0,0,0,0,0,0,0,0,0,0,0,0,0,0,0,0,0,0,0,0,0,0,0,0,0,0,0,0,0,0,0,0,0,0,0,0,0,0,0,0,0,0,0,0,0,0,0,0,0,0,0,0,0,0,0,0,0,0,0,0,0,0,0,0,0,0,0,0,1,0,1,0,0,0,0,0,0,0,0,1,0,0,0,1,1,0,0,0,0,0,0,0,0,0,0,0,0,0
0,0,0,0,2,0,1,6,1,0,12,0,0,1,0,2,0,0,4,1,0,2,0,1,1,0,2,4,0,0,0,5,0,1,2,0,0,1,0,2,6,2,3,8,4,2,0,5,0,10,2,0,9,5,2,5,0,0,8,1,0,6,1,7,0,1,0,1,7,0,5,2,0,4,5,0,3,0,0,2,0,0,0,1,1,1,16,1,0,4,10,0,0,0,0,0,0,1,1,0,2,0,0,3,0,1,1,0,2,1,0,0,1,0,1,0,6,3,1,4,0,3,0,0,0,0,0,0,0,0,1,2,0,0,0,0,0,2,0,0,35,0,3,0,0,4,2,1,15,0,0,2,1,1,1,0,2,6,0,0,4,3,0,0,0,3,6
0,0,0,0,0,0,0,0,0,0,0,0,0,0,0,1,0,0,0,0,0,0,0,0,0,0,0,0,0,0,0,0,0,1,0,0,0,0,0,0,0,0,0,0,0,0,0,0,0,0,0,0,0,0,0,0,0,0,0,0,0,0,0,0,0,0,0,0,0,0,0,0,0,0,0,0,0,0,0,0,0,0,0,0,0,0,0,0,0,0,0,0,0,0,0,0,0,0,0,0,0,0,0,0,0,0,0,0,0,0,0,0,0,0,0,0,0,0,0,0,0,0,0,0,0,0,0,0,0,0,0,0,0,0,0,0,0,0,0,0,0,1,0,0,0,0,0,0,0,0,0,0,0,0,0,0,0,0,0,0,0,0,0,0,0,0,0
0,10,3,1,19,0,1,28,77,0,163,33,1,0,0,15,0,0,232,151,2,12,0,1,14,13,7,4,0,0,0,207,29,122,223,6,0,15,12,12,8,3,15,173,36,3,0,11,2,291,20,0,22,328,0,224,34,1,237,36,1,6,5,26,0,15,12,93,60,0,31,6,1,223,223,2,23,8,15,30,6,0,0,0,2,165,628,8,3,103,209,2,0,0,5,0,0,28,58,2,13,0,48,0,0,0,1,0,5,0,0,0,0,6,79,0,1,38,0,25,46,9,1,1,61,1,1,0,0,3,14,64,0,1,2,1,21,143,0,0,3,0,1437,38,0,15,5,21,749,0,0,1,85,84,80,3,16,2,7,1,2,5,7,15,1,0,9
0,1,0,0,4,0,0,6,13,0,7,6,0,0,0,1,0,0,23,11,1,3,0,0,0,1,1,0,0,0,0,20,9,10,29,3,0,1,4,1,1,1,1,9,8,1,0,3,0,27,1,0,3,14,0,10,10,0,22,1,0,3,0,1,0,9,2,8,8,0,9,0,0,23,23,2,4,0,6,6,2,0,0,0,0,11,30,0,0,10,14,0,0,0,1,0,0,2,4,1,1,0,4,0,0,0,0,0,1,0,0,0,0,0,13,0,0,6,0,8,3,1,0,0,6,0,0,0,0,0,2,14,0,0,0,0,10,6,0,0,0,0,38,76,0,2,2,7,32,0,0,0,10,10,12,0,2,0,0,0,0,0,1,6,0,0,1
0,0,0,0,2,0,0,1,0,0,2,0,0,0,0,0,0,0,0,1,2,1,0,0,0,0,0,0,0,0,0,2,0,2,1,0,0,1,1,0,0,0,1,1,1,1,0,1,0,1,0,0,1,1,0,0,0,0,3,0,0,0,0,0,0,0,0,1,3,0,0,0,0,1,0,0,1,0,0,0,0,0,0,0,0,0,4,0,0,0,2,0,0,0,0,0,0,0,0,0,0,0,0,0,0,0,0,0,1,0,0,0,0,0,1,0,1,0,0,1,0,0,0,0,1,0,0,0,0,0,0,1,0,0,0,0,0,1,0,0,0,0,0,0,5,0,0,0,4,0,0,0,1,1,0,0,0,0,0,0,0,0,0,0,0,0,0
0,0,0,0,2,0,1,10,2,1,14,2,0,0,0,4,0,0,7,6,0,7,0,1,1,0,1,7,0,0,0,11,0,3,8,0,0,0,0,1,6,10,4,8,3,0,0,5,0,16,1,0,5,11,5,11,4,1,10,1,0,23,1,3,0,3,1,6,5,0,6,1,1,6,6,1,1,0,0,1,0,0,0,0,2,4,27,2,0,15,18,1,0,0,1,0,0,1,1,0,4,0,3,3,0,4,1,0,1,0,0,0,2,2,4,0,3,4,0,2,1,20,0,0,1,0,0,0,0,0,1,2,1,0,0,0,3,6,0,0,4,0,15,2,0,53,4,0,23,0,0,2,3,3,0,1,3,6,1,1,3,8,1,0,0,1,2
1,0,0,0,2,0,2,5,0,0,11,0,0,0,0,6,0,0,3,1,1,2,0,0,0,0,1,1,0,0,0,11,0,5,10,0,0,1,0,0,3,2,2,10,1,2,0,5,0,13,0,0,1,4,2,4,4,3,6,1,0,4,0,5,0,5,0,2,2,0,3,0,0,3,3,1,2,1,0,3,0,0,0,0,1,2,17,1,0,7,16,2,0,0,1,1,0,4,1,1,3,0,1,2,0,2,1,0,0,0,0,0,2,1,1,0,0,3,0,2,3,2,0,0,2,0,1,0,0,1,4,1,1,0,1,0,4,1,0,0,2,0,5,2,0,4,38,0,22,0,0,1,4,3,0,0,1,2,0,1,0,2,0,1,0,0,3
1,2,0,0,1,1,0,3,9,0,6,3,0,0,0,0,0,0,16,5,3,1,0,0,0,2,0,0,0,0,0,11,4,9,16,2,0,0,3,0,0,0,1,5,0,0,0,0,0,21,0,0,2,11,0,3,6,0,16,0,0,0,0,2,0,5,4,8,2,0,3,0,0,15,15,0,4,0,5,5,0,0,0,0,0,8,24,3,1,10,7,0,0,0,0,0,0,0,7,0,0,0,2,0,0,0,0,0,0,0,0,0,0,0,8,0,0,1,0,2,2,0,0,0,6,0,0,0,0,0,0,12,0,0,0,0,4,7,0,0,1,0,21,7,0,0,0,41,16,0,0,1,10,10,14,0,1,1,0,0,0,0,0,5,0,0,1
4,20,11,3,80,4,6,89,141,3,574,50,6,0,1,55,1,0,402,273,20,43,0,2,51,35,28,15,1,1,0,614,31,284,477,6,0,37,32,43,27,8,34,495,108,9,1,62,0,669,59,0,94,541,6,487,101,9,615,106,8,44,10,93,0,36,22,213,237,0,97,23,3,387,376,6,50,24,22,57,20,3,1,4,9,318,1494,22,6,222,629,16,1,0,13,11,2,116,176,2,54,0,108,5,0,6,15,0,29,4,1,10,3,19,164,0,12,72,4,85,102,16,3,1,114,4,9,1,0,12,47,139,1,4,10,4,71,446,0,1,15,0,749,32,4,23,22,16,3299,0,0,9,216,211,104,2,26,10,17,3,6,14,20,17,3,1,28
0,0,0,0,0,0,0,0,0,0,0,0,0,0,0,0,0,0,0,0,0,0,0,0,0,0,0,0,0,0,0,0,0,0,0,0,0,0,0,0,0,0,0,0,0,0,0,0,0,0,0,0,0,0,0,0,0,0,0,0,0,0,0,0,0,0,0,0,0,0,0,0,0,0,0,0,0,0,0,0,0,0,0,0,0,0,0,0,0,0,0,0,0,0,0,0,0,0,0,0,0,0,0,0,0,0,0,0,0,0,0,0,0,0,0,0,0,0,0,0,0,0,0,0,0,0,0,0,0,0,0,0,0,0,0,0,0,0,0,0,0,0,0,0,0,0,0,0,0,0,0,0,0,0,0,0,0,0,0,0,0,0,0,0,0,0,0
0,0,0,0,0,0,0,0,0,0,0,0,0,0,0,0,0,0,0,0,0,0,0,0,0,0,0,0,0,0,0,0,0,0,0,0,0,0,0,0,0,0,0,0,0,0,0,0,0,0,0,0,0,0,0,0,0,0,0,0,0,0,0,0,0,0,0,0,0,0,0,1,0,0,0,0,0,0,0,0,0,0,0,0,0,0,0,0,0,0,0,0,0,0,0,0,0,0,0,0,0,0,0,0,0,0,0,0,0,0,0,0,0,0,0,0,0,0,0,0,0,0,0,0,0,0,0,0,0,0,0,0,0,0,0,0,0,0,0,0,0,0,0,0,0,0,0,0,0,0,1,0,0,0,0,0,1,0,0,0,0,0,0,0,0,0,0
0,0,0,0,3,0,1,14,2,0,9,0,1,0,0,3,1,0,2,1,5,14,0,0,1,0,3,1,0,0,0,9,0,1,3,0,0,0,0,0,4,1,12,9,5,0,0,1,0,17,0,0,7,3,1,3,0,1,9,2,6,2,1,4,0,0,1,1,6,0,2,1,2,3,2,1,0,0,1,1,0,0,0,0,8,0,9,0,0,3,5,0,0,0,1,1,0,3,1,0,2,0,0,1,0,1,2,0,1,0,0,0,1,1,4,0,0,3,0,4,2,2,1,0,1,1,0,1,0,0,2,5,1,0,3,0,0,2,0,0,2,0,1,0,0,2,1,1,9,0,0,25,3,3,0,0,1,2,2,0,0,1,0,0,0,0,5
0,4,1,0,10,0,1,6,21,0,80,9,1,0,0,6,0,1,46,43,2,6,0,0,7,5,3,1,0,0,0,340,11,45,64,4,0,3,10,4,1,0,5,80,12,1,0,6,0,91,5,0,5,64,0,42,24,1,81,7,1,5,0,11,0,19,21,30,28,0,12,5,0,47,45,0,9,1,8,13,1,1,0,0,1,28,167,6,1,33,90,1,0,0,2,0,0,15,26,0,7,0,14,0,0,0,7,0,3,0,0,0,0,3,23,0,0,8,0,9,11,3,2,0,17,0,0,0,0,0,11,32,0,0,0,1,18,55,0,1,1,0,85,10,1,3,4,10,216,0,0,3,344,335,18,0,4,0,3,1,1,1,2,6,0,0,4
0,4,1,0,10,0,1,6,21,1,78,9,1,0,0,7,0,1,46,42,2,6,0,0,7,5,3,2,0,0,0,336,11,42,61,4,0,3,10,3,2,0,5,78,11,1,0,6,0,89,5,0,6,63,0,40,23,1,79,7,1,5,0,11,0,19,20,30,26,0,13,5,0,47,45,0,9,1,8,11,1,1,1,0,1,29,165,7,1,32,87,1,0,0,3,0,0,13,26,0,8,0,14,0,0,0,7,0,3,0,0,0,0,4,24,0,0,8,0,10,9,4,2,0,17,0,0,0,0,0,11,31,0,0,1,1,17,54,0,1,1,0,84,10,1,3,3,10,211,0,0,3,335,337,18,0,5,0,3,1,1,1,2,6,0,0,4
0,2,0,0,3,0,0,8,17,0,23,8,1,0,0,2,0,0,44,22,0,3,0,0,0,2,0,0,0,0,0,52,25,31,44,3,0,1,6,2,2,0,1,23,5,1,0,4,0,64,1,0,4,30,0,20,13,1,144,6,0,3,1,8,0,8,9,19,8,0,7,0,0,44,43,2,4,2,9,9,2,0,0,0,0,22,86,4,0,17,24,0,1,0,1,1,0,4,32,0,6,0,9,1,0,0,0,0,2,0,0,0,0,1,18,0,2,5,0,4,11,2,0,0,11,0,0,0,0,0,3,27,0,0,1,1,11,12,0,0,1,0,80,12,0,0,0,14,104,0,0,0,18,18,204,0,0,0,1,1,0,1,2,10,0,0,2
0,0,0,0,0,0,0,0,0,0,0,0,0,0,0,0,0,0,0,0,0,0,0,0,0,0,0,0,0,0,0,0,0,0,0,0,0,0,0,0,0,0,0,0,2,0,0,0,0,1,0,0,0,0,0,0,0,0,0,0,0,1,0,0,0,0,0,1,0,0,0,0,0,0,0,0,0,0,0,0,0,0,0,0,0,1,1,0,0,1,0,0,0,0,0,0,0,0,0,0,0,0,0,0,0,0,0,0,0,0,0,0,0,0,0,0,0,1,0,0,0,1,0,0,0,0,0,0,0,0,0,0,0,0,0,0,0,2,0,0,0,0,3,0,0,1,0,0,2,0,0,0,0,0,0,3,3,0,0,0,0,0,0,0,0,0,0
0,1,1,0,18,0,0,11,2,3,11,1,0,0,0,4,0,0,10,3,3,3,0,1,2,1,7,2,0,0,0,15,1,10,10,2,0,5,0,2,5,1,5,12,22,2,0,3,2,22,5,0,1,8,0,20,5,0,13,3,0,1,2,4,0,2,0,2,17,0,22,8,0,10,10,0,2,4,1,2,0,0,1,0,0,8,22,1,0,4,15,1,0,0,6,0,1,4,4,1,6,0,1,0,0,0,2,0,5,2,0,0,0,0,6,0,2,14,0,26,0,3,1,0,5,0,0,0,0,1,1,17,0,0,5,0,3,4,0,0,2,0,16,2,0,3,1,1,26,0,1,1,4,5,0,3,62,2,0,0,0,2,0,2,0,0,4
0,0,0,0,1,0,1,4,1,0,10,1,0,1,0,1,0,0,3,3,0,3,0,1,1,0,1,4,0,0,0,4,0,0,2,0,0,2,0,0,1,4,3,7,0,1,0,2,0,10,3,0,3,3,1,3,2,0,6,1,0,7,2,4,0,0,0,3,2,0,2,0,0,3,3,1,1,0,0,2,0,0,0,1,2,0,10,0,0,7,13,0,0,0,1,7,0,3,0,0,1,0,1,1,0,3,1,0,0,0,0,0,4,1,2,0,2,1,1,0,1,4,0,0,0,0,0,0,0,4,0,1,1,0,0,0,1,1,0,0,6,0,2,0,0,6,2,1,10,0,0,2,0,0,0,0,2,26,1,0,2,3,0,0,1,1,5
3,0,0,0,0,0,0,0,5,0,16,1,1,0,0,0,0,0,5,9,1,3,0,0,0,5,0,1,0,0,0,12,0,5,8,0,0,0,2,0,1,3,0,8,1,0,0,0,0,10,0,0,3,29,0,9,1,0,9,0,0,3,1,2,0,1,0,12,3,0,1,1,1,4,4,0,1,0,1,1,0,0,1,0,0,2,31,1,0,13,18,0,0,0,2,1,0,4,4,0,1,0,3,0,0,1,0,0,1,0,0,0,0,2,6,0,0,2,0,1,4,2,0,0,4,0,5,0,0,1,2,2,0,0,1,0,0,19,0,0,0,0,7,0,0,1,0,0,17,0,0,2,3,3,1,0,0,1,56,0,0,1,0,0,0,0,2
0,0,0,0,0,0,0,0,0,0,1,0,0,0,0,0,0,0,1,1,0,0,0,0,0,0,0,0,0,0,0,3,2,2,4,0,0,0,0,0,0,0,0,0,0,0,0,0,0,2,0,0,0,2,0,0,1,1,2,0,0,1,0,1,0,4,1,0,0,0,0,0,0,1,1,0,1,0,0,1,0,0,0,0,0,0,2,0,0,1,2,0,0,0,0,0,0,0,1,0,0,0,0,0,0,0,0,0,0,0,0,0,0,0,0,0,0,1,0,0,0,0,0,0,1,0,0,0,0,0,0,1,0,0,0,0,1,0,0,0,0,0,1,0,0,1,1,0,3,0,0,0,1,1,1,0,0,0,0,9,0,0,0,0,0,0,0
0,0,0,0,0,0,0,1,0,0,1,0,0,1,0,0,0,0,0,0,0,2,0,0,0,0,1,2,0,0,0,2,0,0,1,0,0,0,0,0,1,1,2,2,0,0,0,1,0,5,0,0,3,0,1,2,0,0,0,0,0,4,1,0,0,0,0,1,1,0,1,0,0,0,0,0,0,0,0,0,0,0,0,0,2,0,3,0,0,1,3,0,0,0,0,0,0,0,0,0,0,0,0,1,0,1,0,0,0,1,0,0,0,0,1,0,4,0,0,1,0,2,0,0,0,0,0,0,0,0,1,0,0,0,0,0,0,1,0,0,4,0,2,0,0,3,0,0,6,0,0,0,1,1,0,0,0,2,0,0,12,4,0,0,0,2,3
0,0,0,0,2,0,1,4,1,0,7,0,0,0,0,1,0,0,1,1,0,6,0,1,1,1,2,8,0,0,0,8,0,2,5,0,0,0,0,1,4,5,3,4,3,0,0,1,0,10,0,0,2,3,3,8,1,0,4,1,0,12,3,1,0,0,0,5,3,0,3,0,0,1,1,1,2,0,0,1,1,0,0,0,2,2,17,1,0,9,12,0,0,0,1,0,0,0,1,0,2,0,0,4,0,2,1,0,0,1,0,0,2,0,2,0,2,5,0,1,0,11,0,0,0,0,0,0,0,0,0,3,1,0,0,1,0,5,0,0,3,0,5,0,0,8,2,0,14,0,0,1,1,1,1,0,2,3,1,0,4,32,1,0,0,1,3
0,1,0,0,2,0,0,1,1,0,9,0,0,0,0,1,0,0,6,1,0,1,0,0,0,0,0,0,0,0,0,7,0,1,5,0,0,0,0,5,0,1,0,5,3,0,0,0,0,5,3,0,3,3,0,19,8,0,10,1,0,2,0,1,0,1,2,1,1,0,0,0,0,6,6,0,0,2,0,2,0,3,0,0,0,5,13,1,0,6,8,0,0,0,1,0,0,5,4,0,0,0,1,0,0,0,0,0,0,0,0,0,0,2,0,0,0,1,0,1,3,2,0,0,2,0,1,0,0,2,0,1,0,0,0,1,5,2,0,0,0,0,7,1,0,1,0,0,20,0,0,0,2,2,2,0,0,0,0,0,0,1,32,0,0,0,0
1,1,0,0,1,0,0,2,5,0,3,6,0,0,0,0,0,0,12,7,0,1,0,0,0,1,0,0,0,0,0,9,5,7,9,1,0,1,5,0,1,0,1,4,2,1,0,1,0,16,1,0,1,6,1,3,4,0,9,2,0,1,0,2,0,4,2,7,1,0,1,0,0,12,12,0,6,0,3,2,0,0,0,0,1,5,17,1,1,2,7,0,0,0,1,0,0,1,5,1,1,0,6,0,0,0,0,0,0,0,0,0,0,0,6,0,0,1,0,2,1,1,0,0,5,0,0,0,0,0,0,11,0,0,0,0,3,6,0,0,0,0,15,6,0,0,1,5,17,0,0,0,6,6,10,0,2,0,0,0,0,0,0,30,0,0,1
0,1,0,0,0,0,0,3,0,0,2,0,0,0,0,2,0,0,1,1,0,3,0,0,0,0,0,0,0,0,0,2,0,1,0,0,0,0,0,0,0,0,1,2,0,0,0,0,0,4,1,0,0,1,0,2,0,0,1,1,0,0,0,0,0,0,0,0,2,0,0,0,0,1,1,0,0,1,0,0,0,0,0,0,0,1,4,0,0,0,1,0,0,0,0,0,0,0,0,0,0,0,0,0,0,0,0,0,0,0,0,0,0,0,0,0,0,0,0,0,0,0,0,0,0,0,0,0,0,0,1,0,0,0,0,0,0,0,0,0,0,0,1,0,0,0,0,0,3,0,0,0,0,0,0,0,0,1,0,0,0,0,0,0,6,0,4
0,0,0,0,0,0,0,0,0,0,0,0,0,1,0,0,0,0,0,0,0,1,0,0,0,0,0,1,0,0,0,0,0,0,1,0,0,0,0,0,2,1,0,0,0,0,0,0,0,3,0,0,2,0,1,2,0,0,0,0,0,2,1,0,0,0,0,0,1,0,0,0,0,0,0,0,0,0,0,0,0,0,0,0,0,0,1,0,0,0,0,0,0,0,0,0,0,0,0,0,0,0,0,1,0,0,0,0,0,0,0,0,0,0,0,0,2,0,0,0,0,0,0,0,0,0,0,0,0,0,0,0,0,0,0,0,0,0,0,0,3,0,0,0,0,1,0,0,1,0,0,0,0,0,0,0,0,1,0,0,2,1,0,0,0,4,1
0,1,0,0,3,0,0,18,3,0,19,0,1,0,0,1,0,0,14,3,1,11,0,0,0,0,1,5,0,0,0,16,0,4,9,0,0,5,0,4,4,0,7,13,2,4,0,5,0,24,8,0,18,7,1,17,4,0,10,2,2,4,4,6,0,0,1,4,11,0,5,1,0,14,14,0,2,1,0,0,0,0,0,1,2,9,21,0,0,1,13,0,0,0,2,1,0,5,2,1,3,0,0,1,0,0,0,0,1,2,0,0,0,0,4,0,2,4,1,7,1,2,0,0,1,0,0,0,0,1,2,3,0,1,2,0,3,3,0,0,6,0,9,1,0,2,3,1,28,0,0,5,4,4,2,0,4,5,2,0,3,3,0,1,4,1,66
